orden,DOMINIO,ESTANDAR,FOCO,DESCRIPTOR,LOGRADO,MEDIANAMENTE LOGRADO,POR LOGRAR
1,Dominio A:                         Preparación del proceso de enseñanza y aprendizaje,Estándar 1:                                          Aprendizaje y desarrollo de los/as estudiantes,Principios de aprendizaje,"1.1 Comprende las principales teorías del aprendizaje, sus principios y cómo estos se relacionan con la naturaleza de la disciplina que enseña, para diseñar experiencias de aprendizaje –acordes a la edad de los/las estudiantes– que respondan a cómo ellos/as construyen el conocimiento,
y desarrollan habilidades, actitudes y valores.","El/la docente comprende las principales teorías del aprendizaje, sus principios y cómo estos se relacionan con la naturaleza de la disciplina que enseña, para diseñar experiencias de aprendizaje –acordes a la edad de los/las estudiantes– que respondan a cómo ellos/as construyen el conocimiento,
y desarrollan habilidades, actitudes y valores., aplicándolo de manera pertinente, sistemática y coherente en su práctica pedagógica.","Respecto de Comprende las principales teorías del aprendizaje, sus principios y cómo estos se relacionan con la naturaleza de la disciplina que enseña, para diseñar experiencias de aprendizaje –acordes a la edad de los/las estudiantes– que respondan a cómo ellos/as construyen el conocimiento,
y desarrollan habilidades, actitudes y valores., evidencia comprensión parcial y aplicación limitada; lo integra a la práctica de forma ocasional o poco sistemática.","Respecto de Comprende las principales teorías del aprendizaje, sus principios y cómo estos se relacionan con la naturaleza de la disciplina que enseña, para diseñar experiencias de aprendizaje –acordes a la edad de los/las estudiantes– que respondan a cómo ellos/as construyen el conocimiento,
y desarrollan habilidades, actitudes y valores., no evidencia comprensión clara ni aplicación pertinente; las decisiones pedagógicas no se ajustan a este criterio."
2,nan,nan,nan,"1.2 Comprende las principales teorías de motivación para el aprendizaje y cómo usar sus principios para promover el involucramiento, la persistencia y autoeficacia de sus estudiantes en los procesos de aprendizaje.","El/la docente comprende las principales teorías de motivación para el aprendizaje y cómo usar sus principios para promover el involucramiento, la persistencia y autoeficacia de sus estudiantes en los procesos de aprendizaje., aplicándolo de manera pertinente, sistemática y coherente en su práctica pedagógica.","Respecto de Comprende las principales teorías de motivación para el aprendizaje y cómo usar sus principios para promover el involucramiento, la persistencia y autoeficacia de sus estudiantes en los procesos de aprendizaje., evidencia comprensión parcial y aplicación limitada; lo integra a la práctica de forma ocasional o poco sistemática.","Respecto de Comprende las principales teorías de motivación para el aprendizaje y cómo usar sus principios para promover el involucramiento, la persistencia y autoeficacia de sus estudiantes en los procesos de aprendizaje., no evidencia comprensión clara ni aplicación pertinente; las decisiones pedagógicas no se ajustan a este criterio."
3,nan,nan,nan,"1.3 Comprende la importancia de involucrar a sus estudiantes, en procesos de autoevaluación y autorregulación de sus propios aprendizajes.","El/la docente comprende la importancia de involucrar a sus estudiantes, en procesos de autoevaluación y autorregulación de sus propios aprendizajes., aplicándolo de manera pertinente, sistemática y coherente en su práctica pedagógica.","Respecto de Comprende la importancia de involucrar a sus estudiantes, en procesos de autoevaluación y autorregulación de sus propios aprendizajes., evidencia comprensión parcial y aplicación limitada; lo integra a la práctica de forma ocasional o poco sistemática.","Respecto de Comprende la importancia de involucrar a sus estudiantes, en procesos de autoevaluación y autorregulación de sus propios aprendizajes., no evidencia comprensión clara ni aplicación pertinente; las decisiones pedagógicas no se ajustan a este criterio."
4,nan,nan,nan,"1.4 Comprende las necesidades educativas de todos sus estudiantes, incluidas las necesidades educativas especiales, como un fenómeno contextualizado, identificando las barreras más frecuentes que obstaculizan la participación y el aprendizaje.","El/la docente comprende las necesidades educativas de todos sus estudiantes, incluidas las necesidades educativas especiales, como un fenómeno contextualizado, identificando las barreras más frecuentes que obstaculizan la participación y el aprendizaje., aplicándolo de manera pertinente, sistemática y coherente en su práctica pedagógica.","Respecto de Comprende las necesidades educativas de todos sus estudiantes, incluidas las necesidades educativas especiales, como un fenómeno contextualizado, identificando las barreras más frecuentes que obstaculizan la participación y el aprendizaje., evidencia comprensión parcial y aplicación limitada; lo integra a la práctica de forma ocasional o poco sistemática.","Respecto de Comprende las necesidades educativas de todos sus estudiantes, incluidas las necesidades educativas especiales, como un fenómeno contextualizado, identificando las barreras más frecuentes que obstaculizan la participación y el aprendizaje., no evidencia comprensión clara ni aplicación pertinente; las decisiones pedagógicas no se ajustan a este criterio."
5,nan,nan,Principios del desarrollo,"1.5 Comprende los principios, etapas del desarrollo y la interrelación entre las áreas cognitiva, lingüística, social, moral, emocional y física, que le permiten promover el aprendizaje y la formación integral de sus estudiantes.","El/la docente comprende los principios, etapas del desarrollo y la interrelación entre las áreas cognitiva, lingüística, social, moral, emocional y física, que le permiten promover el aprendizaje y la formación integral de sus estudiantes., aplicándolo de manera pertinente, sistemática y coherente en su práctica pedagógica.","Respecto de Comprende los principios, etapas del desarrollo y la interrelación entre las áreas cognitiva, lingüística, social, moral, emocional y física, que le permiten promover el aprendizaje y la formación integral de sus estudiantes., evidencia comprensión parcial y aplicación limitada; lo integra a la práctica de forma ocasional o poco sistemática.","Respecto de Comprende los principios, etapas del desarrollo y la interrelación entre las áreas cognitiva, lingüística, social, moral, emocional y física, que le permiten promover el aprendizaje y la formación integral de sus estudiantes., no evidencia comprensión clara ni aplicación pertinente; las decisiones pedagógicas no se ajustan a este criterio."
6,nan,nan,nan,"1.6 Comprende cómo promover, de manera apropiada a la composición etaria de sus estudiantes, el desarrollo de competencias socioemocionales, tales como autoconocimiento, autorregulación, conciencia del otro,
habilidades sociales y toma de decisiones responsable.","El/la docente comprende cómo promover, de manera apropiada a la composición etaria de sus estudiantes, el desarrollo de competencias socioemocionales, tales como autoconocimiento, autorregulación, conciencia del otro,
habilidades sociales y toma de decisiones responsable., aplicándolo de manera pertinente, sistemática y coherente en su práctica pedagógica.","Respecto de Comprende cómo promover, de manera apropiada a la composición etaria de sus estudiantes, el desarrollo de competencias socioemocionales, tales como autoconocimiento, autorregulación, conciencia del otro,
habilidades sociales y toma de decisiones responsable., evidencia comprensión parcial y aplicación limitada; lo integra a la práctica de forma ocasional o poco sistemática.","Respecto de Comprende cómo promover, de manera apropiada a la composición etaria de sus estudiantes, el desarrollo de competencias socioemocionales, tales como autoconocimiento, autorregulación, conciencia del otro,
habilidades sociales y toma de decisiones responsable., no evidencia comprensión clara ni aplicación pertinente; las decisiones pedagógicas no se ajustan a este criterio."
7,nan,nan,nan,"1.7 Conoce, a través de técnicas de observación, entrevistas y otras fuentes, las características individuales, así como el contexto familiar, cultural y social de sus estudiantes.","El/la docente conoce, a través de técnicas de observación, entrevistas y otras fuentes, las características individuales, así como el contexto familiar, cultural y social de sus estudiantes., aplicándolo de manera pertinente, sistemática y coherente en su práctica pedagógica.","Respecto de Conoce, a través de técnicas de observación, entrevistas y otras fuentes, las características individuales, así como el contexto familiar, cultural y social de sus estudiantes., evidencia comprensión parcial y aplicación limitada; lo integra a la práctica de forma ocasional o poco sistemática.","Respecto de Conoce, a través de técnicas de observación, entrevistas y otras fuentes, las características individuales, así como el contexto familiar, cultural y social de sus estudiantes., no evidencia comprensión clara ni aplicación pertinente; las decisiones pedagógicas no se ajustan a este criterio."
8,nan,"Estándar 2: Conocimiento disciplinar, didáctico y del currículo escolar",Conocimiento disciplinar,"2.1 Comprende los principios de la disciplina que enseña, su desarrollo histórico, y el modo en que se enriquece o expande y sus elementos fundantes.","El/la docente comprende los principios de la disciplina que enseña, su desarrollo histórico, y el modo en que se enriquece o expande y sus elementos fundantes., aplicándolo de manera pertinente, sistemática y coherente en su práctica pedagógica.","Respecto de Comprende los principios de la disciplina que enseña, su desarrollo histórico, y el modo en que se enriquece o expande y sus elementos fundantes., evidencia comprensión parcial y aplicación limitada; lo integra a la práctica de forma ocasional o poco sistemática.","Respecto de Comprende los principios de la disciplina que enseña, su desarrollo histórico, y el modo en que se enriquece o expande y sus elementos fundantes., no evidencia comprensión clara ni aplicación pertinente; las decisiones pedagógicas no se ajustan a este criterio."
9,nan,nan,nan,"2.2 Comprende los conocimientos fundamentales de la disciplina que enseña, las habilidades y actitudes que favorecen su aprendizaje y las relaciones entre ellos.","El/la docente comprende los conocimientos fundamentales de la disciplina que enseña, las habilidades y actitudes que favorecen su aprendizaje y las relaciones entre ellos., aplicándolo de manera pertinente, sistemática y coherente en su práctica pedagógica.","Respecto de Comprende los conocimientos fundamentales de la disciplina que enseña, las habilidades y actitudes que favorecen su aprendizaje y las relaciones entre ellos., evidencia comprensión parcial y aplicación limitada; lo integra a la práctica de forma ocasional o poco sistemática.","Respecto de Comprende los conocimientos fundamentales de la disciplina que enseña, las habilidades y actitudes que favorecen su aprendizaje y las relaciones entre ellos., no evidencia comprensión clara ni aplicación pertinente; las decisiones pedagógicas no se ajustan a este criterio."
10,nan,nan,nan,"2.3 Demuestra habilidades de investigación, comunicación y pensamiento crítico y actitudes relacionadas con la ética, la rigurosidad y el cuestionamiento, respecto a la disciplina que enseña.","El/la docente demuestra habilidades de investigación, comunicación y pensamiento crítico y actitudes relacionadas con la ética, la rigurosidad y el cuestionamiento, respecto a la disciplina que enseña., aplicándolo de manera pertinente, sistemática y coherente en su práctica pedagógica.","Respecto de Demuestra habilidades de investigación, comunicación y pensamiento crítico y actitudes relacionadas con la ética, la rigurosidad y el cuestionamiento, respecto a la disciplina que enseña., evidencia comprensión parcial y aplicación limitada; lo integra a la práctica de forma ocasional o poco sistemática.","Respecto de Demuestra habilidades de investigación, comunicación y pensamiento crítico y actitudes relacionadas con la ética, la rigurosidad y el cuestionamiento, respecto a la disciplina que enseña., no evidencia comprensión clara ni aplicación pertinente; las decisiones pedagógicas no se ajustan a este criterio."
11,nan,nan,nan,"2.4 Identifica las conexiones que se pueden establecer con conocimientos de otras disciplinas, para hacer el contenido accesible, comprensible y significativo para sus estudiantes.","El/la docente identifica las conexiones que se pueden establecer con conocimientos de otras disciplinas, para hacer el contenido accesible, comprensible y significativo para sus estudiantes., aplicándolo de manera pertinente, sistemática y coherente en su práctica pedagógica.","Respecto de Identifica las conexiones que se pueden establecer con conocimientos de otras disciplinas, para hacer el contenido accesible, comprensible y significativo para sus estudiantes., evidencia comprensión parcial y aplicación limitada; lo integra a la práctica de forma ocasional o poco sistemática.","Respecto de Identifica las conexiones que se pueden establecer con conocimientos de otras disciplinas, para hacer el contenido accesible, comprensible y significativo para sus estudiantes., no evidencia comprensión clara ni aplicación pertinente; las decisiones pedagógicas no se ajustan a este criterio."
12,nan,nan,Conocimiento didáctico,"2.5 Conoce un repertorio de estrategias y recursos didácticos, para representar, modelar, explicar e investigar la disciplina que enseña y para conectar los objetivos de aprendizaje y saberes disciplinares con las características,
conocimientos previos y habilidades de sus estudiantes.","El/la docente conoce un repertorio de estrategias y recursos didácticos, para representar, modelar, explicar e investigar la disciplina que enseña y para conectar los objetivos de aprendizaje y saberes disciplinares con las características,
conocimientos previos y habilidades de sus estudiantes., aplicándolo de manera pertinente, sistemática y coherente en su práctica pedagógica.","Respecto de Conoce un repertorio de estrategias y recursos didácticos, para representar, modelar, explicar e investigar la disciplina que enseña y para conectar los objetivos de aprendizaje y saberes disciplinares con las características,
conocimientos previos y habilidades de sus estudiantes., evidencia comprensión parcial y aplicación limitada; lo integra a la práctica de forma ocasional o poco sistemática.","Respecto de Conoce un repertorio de estrategias y recursos didácticos, para representar, modelar, explicar e investigar la disciplina que enseña y para conectar los objetivos de aprendizaje y saberes disciplinares con las características,
conocimientos previos y habilidades de sus estudiantes., no evidencia comprensión clara ni aplicación pertinente; las decisiones pedagógicas no se ajustan a este criterio."
13,nan,nan,nan,2.6 Comprende cómo las herramientas digitales permiten apoyar los procesos de aprendizaje de la disciplina que enseña.,"El/la docente comprende cómo las herramientas digitales permiten apoyar los procesos de aprendizaje de la disciplina que enseña. 
, aplicándolo de manera pertinente, sistemática y coherente en su práctica pedagógica.","Respecto de Comprende cómo las herramientas digitales permiten apoyar los procesos de aprendizaje de la disciplina que enseña., evidencia comprensión parcial y aplicación limitada; lo integra a la práctica de forma ocasional o poco sistemática.","Respecto de Comprende cómo las herramientas digitales permiten apoyar los procesos de aprendizaje de la disciplina que enseña., no evidencia comprensión clara ni aplicación pertinente; las decisiones pedagógicas no se ajustan a este criterio."
14,nan,nan,nan,"2.7 Identifica las dificultades y concepciones erróneas más frecuentes de la disciplina que enseña, comprende cómo interfieren con el aprendizaje y conoce estrategias para anticiparlas y abordarlas.","El/la docente identifica las dificultades y concepciones erróneas más frecuentes de la disciplina que enseña, comprende cómo interfieren con el aprendizaje y conoce estrategias para anticiparlas y abordarlas., aplicándolo de manera pertinente, sistemática y coherente en su práctica pedagógica.","Respecto de Identifica las dificultades y concepciones erróneas más frecuentes de la disciplina que enseña, comprende cómo interfieren con el aprendizaje y conoce estrategias para anticiparlas y abordarlas., evidencia comprensión parcial y aplicación limitada; lo integra a la práctica de forma ocasional o poco sistemática.","Respecto de Identifica las dificultades y concepciones erróneas más frecuentes de la disciplina que enseña, comprende cómo interfieren con el aprendizaje y conoce estrategias para anticiparlas y abordarlas., no evidencia comprensión clara ni aplicación pertinente; las decisiones pedagógicas no se ajustan a este criterio."
15,nan,nan,nan,"2.8 Utiliza un repertorio de estrategias didácticas para lograr que susm estudiantes ejerciten, practiquen y apliquen las habilidades generales del currículum, tales como comunicación, investigación, desarrollo de pensamiento crítico y creativo, y las específicas de la disciplina que
enseña.","El/la docente utiliza un repertorio de estrategias didácticas para lograr que susm estudiantes ejerciten, practiquen y apliquen las habilidades generales del currículum, tales como comunicación, investigación, desarrollo de pensamiento crítico y creativo, y las específicas de la disciplina que
enseña., aplicándolo de manera pertinente, sistemática y coherente en su práctica pedagógica.","Respecto de Utiliza un repertorio de estrategias didácticas para lograr que susm estudiantes ejerciten, practiquen y apliquen las habilidades generales del currículum, tales como comunicación, investigación, desarrollo de pensamiento crítico y creativo, y las específicas de la disciplina que
enseña., evidencia comprensión parcial y aplicación limitada; lo integra a la práctica de forma ocasional o poco sistemática.","Respecto de Utiliza un repertorio de estrategias didácticas para lograr que susm estudiantes ejerciten, practiquen y apliquen las habilidades generales del currículum, tales como comunicación, investigación, desarrollo de pensamiento crítico y creativo, y las específicas de la disciplina que
enseña., no evidencia comprensión clara ni aplicación pertinente; las decisiones pedagógicas no se ajustan a este criterio."
16,nan,nan,Conocimiento del currículum,"2.9 Comprende los fundamentos, la estructura, los conocimientos, las habilidades, las actitudes y la progresión del currículum escolar de la disciplina que enseña.","El/la docente comprende los fundamentos, la estructura, los conocimientos, las habilidades, las actitudes y la progresión del currículum escolar de la disciplina que enseña. , aplicándolo de manera pertinente, sistemática y coherente en su práctica pedagógica.","Respecto de Comprende los fundamentos, la estructura, los conocimientos, las habilidades, las actitudes y la progresión del currículum escolar de la disciplina que enseña., evidencia comprensión parcial y aplicación limitada; lo integra a la práctica de forma ocasional o poco sistemática.","Respecto de Comprende los fundamentos, la estructura, los conocimientos, las habilidades, las actitudes y la progresión del currículum escolar de la disciplina que enseña., no evidencia comprensión clara ni aplicación pertinente; las decisiones pedagógicas no se ajustan a este criterio."
17,nan,nan,nan,"2.10 Analiza e interpreta los recursos y documentos que acompañan el currículum, tales como planes y programas de estudio, textos escolares y estándares de aprendizaje, en función de las características, necesidades e intereses de sus estudiantes y del proyecto educativo institucional.","El/la docente analiza e interpreta los recursos y documentos que acompañan el currículum, tales como planes y programas de estudio, textos escolares y estándares de aprendizaje, en función de las características, necesidades e intereses de sus estudiantes y del proyecto educativo institucional., aplicándolo de manera pertinente, sistemática y coherente en su práctica pedagógica.","Respecto de Analiza e interpreta los recursos y documentos que acompañan el currículum, tales como planes y programas de estudio, textos escolares y estándares de aprendizaje, en función de las características, necesidades e intereses de sus estudiantes y del proyecto educativo institucional., evidencia comprensión parcial y aplicación limitada; lo integra a la práctica de forma ocasional o poco sistemática.","Respecto de Analiza e interpreta los recursos y documentos que acompañan el currículum, tales como planes y programas de estudio, textos escolares y estándares de aprendizaje, en función de las características, necesidades e intereses de sus estudiantes y del proyecto educativo institucional., no evidencia comprensión clara ni aplicación pertinente; las decisiones pedagógicas no se ajustan a este criterio."
18,nan,Estándar 3: Planificación de la enseñanza,Definición de objetivos de aprendizaje,"3.1 Formula, selecciona y secuencia objetivos disciplinares y transversales, considerando conocimientos, habilidades y actitudes, contextualizadas a las características de sus estudiantes, sus aprendizajes previos y coherentes al currículum vigente.","El/la docente formula, selecciona y secuencia objetivos disciplinares y transversales, considerando conocimientos, habilidades y actitudes, contextualizadas a las características de sus estudiantes, sus aprendizajes previos y coherentes al currículum vigente., aplicándolo de manera pertinente, sistemática y coherente en su práctica pedagógica.","Respecto de Formula, selecciona y secuencia objetivos disciplinares y transversales, considerando conocimientos, habilidades y actitudes, contextualizadas a las características de sus estudiantes, sus aprendizajes previos y coherentes al currículum vigente., evidencia comprensión parcial y aplicación limitada; lo integra a la práctica de forma ocasional o poco sistemática.","Respecto de Formula, selecciona y secuencia objetivos disciplinares y transversales, considerando conocimientos, habilidades y actitudes, contextualizadas a las características de sus estudiantes, sus aprendizajes previos y coherentes al currículum vigente., no evidencia comprensión clara ni aplicación pertinente; las decisiones pedagógicas no se ajustan a este criterio."
19,nan,nan,nan,3.2 Relaciona los objetivos de aprendizaje de su disciplina con objetivos de aprendizaje de distintas áreas del currículum.,"El/la docente relaciona los objetivos de aprendizaje de su disciplina con objetivos de aprendizaje de distintas áreas del currículum., aplicándolo de manera pertinente, sistemática y coherente en su práctica pedagógica.","Respecto de Relaciona los objetivos de aprendizaje de su disciplina con objetivos de aprendizaje de distintas áreas del currículum., evidencia comprensión parcial y aplicación limitada; lo integra a la práctica de forma ocasional o poco sistemática.","Respecto de Relaciona los objetivos de aprendizaje de su disciplina con objetivos de aprendizaje de distintas áreas del currículum., no evidencia comprensión clara ni aplicación pertinente; las decisiones pedagógicas no se ajustan a este criterio."
20,nan,nan,Diseño de experinecias de aprendizaje,"3.3 Considera los conocimientos previos e intereses de sus estudiantes al momento de diseñar las experiencias de aprendizaje, para fomentar la relación, extensión y consolidación de aprendizajes anteriores.","El/la docente considera los conocimientos previos e intereses de sus estudiantes al momento de diseñar las experiencias de aprendizaje, para fomentar la relación, extensión y consolidación de aprendizajes anteriores., aplicándolo de manera pertinente, sistemática y coherente en su práctica pedagógica.","Respecto de Considera los conocimientos previos e intereses de sus estudiantes al momento de diseñar las experiencias de aprendizaje, para fomentar la relación, extensión y consolidación de aprendizajes anteriores., evidencia comprensión parcial y aplicación limitada; lo integra a la práctica de forma ocasional o poco sistemática.","Respecto de Considera los conocimientos previos e intereses de sus estudiantes al momento de diseñar las experiencias de aprendizaje, para fomentar la relación, extensión y consolidación de aprendizajes anteriores., no evidencia comprensión clara ni aplicación pertinente; las decisiones pedagógicas no se ajustan a este criterio."
21,nan,nan,nan,"3.4 Selecciona las estrategias didácticas más adecuadas en función de los saberes disciplinares, características y necesidades de sus estudiantes, las evidencias generadas a partir de las evaluaciones, y su contexto educativo","El/la docente selecciona las estrategias didácticas más adecuadas en función de los saberes disciplinares, características y necesidades de sus estudiantes, las evidencias generadas a partir de las evaluaciones, y su contexto educativo, aplicándolo de manera pertinente, sistemática y coherente en su práctica pedagógica.","Respecto de Selecciona las estrategias didácticas más adecuadas en función de los saberes disciplinares, características y necesidades de sus estudiantes, las evidencias generadas a partir de las evaluaciones, y su contexto educativo, evidencia comprensión parcial y aplicación limitada; lo integra a la práctica de forma ocasional o poco sistemática.","Respecto de Selecciona las estrategias didácticas más adecuadas en función de los saberes disciplinares, características y necesidades de sus estudiantes, las evidencias generadas a partir de las evaluaciones, y su contexto educativo, no evidencia comprensión clara ni aplicación pertinente; las decisiones pedagógicas no se ajustan a este criterio."
22,nan,nan,nan,"3.5 Diseña experiencias de aprendizaje efectivas y desafiantes, que promuevan el aprendizaje profundo, el compromiso y la disposición positiva hacia el aprendizaje, e incorporen el uso de diversos recursos, incluidas las tecnologías digitales, que potencien distintas formas de aprender.","El/la docente diseña experiencias de aprendizaje efectivas y desafiantes, que promuevan el aprendizaje profundo, el compromiso y la disposición positiva hacia el aprendizaje, e incorporen el uso de diversos recursos, incluidas las tecnologías digitales, que potencien distintas formas de aprender., aplicándolo de manera pertinente, sistemática y coherente en su práctica pedagógica.","Respecto de Diseña experiencias de aprendizaje efectivas y desafiantes, que promuevan el aprendizaje profundo, el compromiso y la disposición positiva hacia el aprendizaje, e incorporen el uso de diversos recursos, incluidas las tecnologías digitales, que potencien distintas formas de aprender., evidencia comprensión parcial y aplicación limitada; lo integra a la práctica de forma ocasional o poco sistemática.","Respecto de Diseña experiencias de aprendizaje efectivas y desafiantes, que promuevan el aprendizaje profundo, el compromiso y la disposición positiva hacia el aprendizaje, e incorporen el uso de diversos recursos, incluidas las tecnologías digitales, que potencien distintas formas de aprender., no evidencia comprensión clara ni aplicación pertinente; las decisiones pedagógicas no se ajustan a este criterio."
23,nan,nan,nan,"3.6 Adopta el enfoque de género para seleccionar materiales, recursos, actividades y ejemplos libres de sesgos.","El/la docente adopta el enfoque de género para seleccionar materiales, recursos, actividades y ejemplos libres de sesgos., aplicándolo de manera pertinente, sistemática y coherente en su práctica pedagógica.","Respecto de Adopta el enfoque de género para seleccionar materiales, recursos, actividades y ejemplos libres de sesgos., evidencia comprensión parcial y aplicación limitada; lo integra a la práctica de forma ocasional o poco sistemática.","Respecto de Adopta el enfoque de género para seleccionar materiales, recursos, actividades y ejemplos libres de sesgos., no evidencia comprensión clara ni aplicación pertinente; las decisiones pedagógicas no se ajustan a este criterio."
24,nan,nan,nan,"3.7  Diseña experiencias de aprendizaje que desafíen creativamente a sus estudiantes a partir de temáticas relevantes y pertinentes de la comunidad local, regional y/o global relacionadas con la disciplina, a través de proyectos que involucren salidas a terreno, laboratorios, visitas a bibliotecas y museos, entre otros espacios para el aprendizaje.","El/la docente diseña experiencias de aprendizaje que desafíen creativamente a sus estudiantes a partir de temáticas relevantes y pertinentes de la comunidad local, regional y/o global relacionadas con la disciplina, a través de proyectos que involucren salidas a terreno, laboratorios, visitas a bibliotecas y museos, entre otros espacios para el aprendizaje., aplicándolo de manera pertinente, sistemática y coherente en su práctica pedagógica.","Respecto de Diseña experiencias de aprendizaje que desafíen creativamente a sus estudiantes a partir de temáticas relevantes y pertinentes de la comunidad local, regional y/o global relacionadas con la disciplina, a través de proyectos que involucren salidas a terreno, laboratorios, visitas a bibliotecas y museos, entre otros espacios para el aprendizaje., evidencia comprensión parcial y aplicación limitada; lo integra a la práctica de forma ocasional o poco sistemática.","Respecto de Diseña experiencias de aprendizaje que desafíen creativamente a sus estudiantes a partir de temáticas relevantes y pertinentes de la comunidad local, regional y/o global relacionadas con la disciplina, a través de proyectos que involucren salidas a terreno, laboratorios, visitas a bibliotecas y museos, entre otros espacios para el aprendizaje., no evidencia comprensión clara ni aplicación pertinente; las decisiones pedagógicas no se ajustan a este criterio."
25,nan,nan,Organización de la enseñanza,"3.8  Diseña planificaciones que incluyen de manera coherente, progresiva y secuenciada en el tiempo, objetivos, conocimientos, habilidades y actitudes de la disciplina, estrategias didácticas, actividades de aprendizaje, recursos y tecnologías digitales, realizando adecuaciones para los/as estudiantes que requieren apoyos específicos.","El/la docente diseña planificaciones que incluyen de manera coherente, progresiva y secuenciada en el tiempo, objetivos, conocimientos, habilidades y actitudes de la disciplina, estrategias didácticas, actividades de aprendizaje, recursos y tecnologías digitales, realizando adecuaciones para los/as estudiantes que requieren apoyos específicos., aplicándolo de manera pertinente, sistemática y coherente en su práctica pedagógica.","Respecto de Diseña planificaciones que incluyen de manera coherente, progresiva y secuenciada en el tiempo, objetivos, conocimientos, habilidades y actitudes de la disciplina, estrategias didácticas, actividades de aprendizaje, recursos y tecnologías digitales, realizando adecuaciones para los/as estudiantes que requieren apoyos específicos., evidencia comprensión parcial y aplicación limitada; lo integra a la práctica de forma ocasional o poco sistemática.","Respecto de Diseña planificaciones que incluyen de manera coherente, progresiva y secuenciada en el tiempo, objetivos, conocimientos, habilidades y actitudes de la disciplina, estrategias didácticas, actividades de aprendizaje, recursos y tecnologías digitales, realizando adecuaciones para los/as estudiantes que requieren apoyos específicos., no evidencia comprensión clara ni aplicación pertinente; las decisiones pedagógicas no se ajustan a este criterio."
26,nan,nan,nan,"3.9 Organiza los distintos momentos de la clase, distribuyendo el tiempo disponible de manera efectiva, para responder adecuadamente a los ritmos, necesidades y características de sus estudiantes, y cubrir los objetivos de aprendizaje.","El/la docente organiza los distintos momentos de la clase, distribuyendo el tiempo disponible de manera efectiva, para responder adecuadamente a los ritmos, necesidades y características de sus estudiantes, y cubrir los objetivos de aprendizaje., aplicándolo de manera pertinente, sistemática y coherente en su práctica pedagógica.","Respecto de Organiza los distintos momentos de la clase, distribuyendo el tiempo disponible de manera efectiva, para responder adecuadamente a los ritmos, necesidades y características de sus estudiantes, y cubrir los objetivos de aprendizaje., evidencia comprensión parcial y aplicación limitada; lo integra a la práctica de forma ocasional o poco sistemática.","Respecto de Organiza los distintos momentos de la clase, distribuyendo el tiempo disponible de manera efectiva, para responder adecuadamente a los ritmos, necesidades y características de sus estudiantes, y cubrir los objetivos de aprendizaje., no evidencia comprensión clara ni aplicación pertinente; las decisiones pedagógicas no se ajustan a este criterio."
27,nan,Estándar 4: Planificación de la evaluación,Construcción y recopilación de evidencias,"4.1  Planifica la evaluación considerando los momentos adecuados y diversas técnicas e instrumentos para esta, incluyendo la auto y coevaluación por parte de sus estudiantes, de modo que todos puedan demostrar lo
que han aprendido y sus resultados aporten información oportuna y pertinente respecto del avance y logro de los objetivos de aprendizaje.","El/la docente planifica la evaluación considerando los momentos adecuados y diversas técnicas e instrumentos para esta, incluyendo la auto y coevaluación por parte de sus estudiantes, de modo que todos puedan demostrar lo
que han aprendido y sus resultados aporten información oportuna y pertinente respecto del avance y logro de los objetivos de aprendizaje. 
, aplicándolo de manera pertinente, sistemática y coherente en su práctica pedagógica.","Respecto de Planifica la evaluación considerando los momentos adecuados y diversas técnicas e instrumentos para esta, incluyendo la auto y coevaluación por parte de sus estudiantes, de modo que todos puedan demostrar lo
que han aprendido y sus resultados aporten información oportuna y pertinente respecto del avance y logro de los objetivos de aprendizaje., evidencia comprensión parcial y aplicación limitada; lo integra a la práctica de forma ocasional o poco sistemática.","Respecto de Planifica la evaluación considerando los momentos adecuados y diversas técnicas e instrumentos para esta, incluyendo la auto y coevaluación por parte de sus estudiantes, de modo que todos puedan demostrar lo
que han aprendido y sus resultados aporten información oportuna y pertinente respecto del avance y logro de los objetivos de aprendizaje., no evidencia comprensión clara ni aplicación pertinente; las decisiones pedagógicas no se ajustan a este criterio."
28,nan,nan,nan,"4.2 Diseña evaluaciones que permitan diversificar y ampliar la evidencia, formativas, para monitorear y hacer seguimiento del aprendizaje, y sumativas, para recoger información sobre el nivel de logro de los objetivos de aprendizaje.","El/la docente diseña evaluaciones que permitan diversificar y ampliar la evidencia, formativas, para monitorear y hacer seguimiento del aprendizaje, y sumativas, para recoger información sobre el nivel de logro de los objetivos de aprendizaje. 
, aplicándolo de manera pertinente, sistemática y coherente en su práctica pedagógica.","Respecto de Diseña evaluaciones que permitan diversificar y ampliar la evidencia, formativas, para monitorear y hacer seguimiento del aprendizaje, y sumativas, para recoger información sobre el nivel de logro de los objetivos de aprendizaje., evidencia comprensión parcial y aplicación limitada; lo integra a la práctica de forma ocasional o poco sistemática.","Respecto de Diseña evaluaciones que permitan diversificar y ampliar la evidencia, formativas, para monitorear y hacer seguimiento del aprendizaje, y sumativas, para recoger información sobre el nivel de logro de los objetivos de aprendizaje., no evidencia comprensión clara ni aplicación pertinente; las decisiones pedagógicas no se ajustan a este criterio."
29,nan,nan,nan,"4.3 Adecua, en colaboración con otros profesionales, las estrategias y procedimientos de evaluación para diagnosticar, retroalimentar oportunamente y calificar el aprendizaje de los/as estudiantes que requieren apoyos específicos.","El/la docente adecua, en colaboración con otros profesionales, las estrategias y procedimientos de evaluación para diagnosticar, retroalimentar oportunamente y calificar el aprendizaje de los/as estudiantes que requieren apoyos específicos., aplicándolo de manera pertinente, sistemática y coherente en su práctica pedagógica.","Respecto de Adecua, en colaboración con otros profesionales, las estrategias y procedimientos de evaluación para diagnosticar, retroalimentar oportunamente y calificar el aprendizaje de los/as estudiantes que requieren apoyos específicos., evidencia comprensión parcial y aplicación limitada; lo integra a la práctica de forma ocasional o poco sistemática.","Respecto de Adecua, en colaboración con otros profesionales, las estrategias y procedimientos de evaluación para diagnosticar, retroalimentar oportunamente y calificar el aprendizaje de los/as estudiantes que requieren apoyos específicos., no evidencia comprensión clara ni aplicación pertinente; las decisiones pedagógicas no se ajustan a este criterio."
30,nan,nan,nan,"4.4 Construye, selecciona y adecua criterios e indicadores pertinentes y libres de sesgos, que entreguen información relevante para orientar la observación del aprendizaje, ofrecer a sus estudiantes retroalimentación descriptiva oportuna y evaluar el logro de los objetivos de aprendizaje.","El/la docente construye, selecciona y adecua criterios e indicadores pertinentes y libres de sesgos, que entreguen información relevante para orientar la observación del aprendizaje, ofrecer a sus estudiantes retroalimentación descriptiva oportuna y evaluar el logro de los objetivos de aprendizaje., aplicándolo de manera pertinente, sistemática y coherente en su práctica pedagógica.","Respecto de Construye, selecciona y adecua criterios e indicadores pertinentes y libres de sesgos, que entreguen información relevante para orientar la observación del aprendizaje, ofrecer a sus estudiantes retroalimentación descriptiva oportuna y evaluar el logro de los objetivos de aprendizaje., evidencia comprensión parcial y aplicación limitada; lo integra a la práctica de forma ocasional o poco sistemática.","Respecto de Construye, selecciona y adecua criterios e indicadores pertinentes y libres de sesgos, que entreguen información relevante para orientar la observación del aprendizaje, ofrecer a sus estudiantes retroalimentación descriptiva oportuna y evaluar el logro de los objetivos de aprendizaje., no evidencia comprensión clara ni aplicación pertinente; las decisiones pedagógicas no se ajustan a este criterio."
31,nan,nan,Análisis de evidencias de aprendizajes y retroalimentación,"4.5 Analiza los datos y evidencias que aportan las evaluaciones, para identificar brechas entre los aprendizajes esperados y los efectivamente logrados, así como cambios respecto a evaluaciones anteriores, y para mejorar los procedimientos y técnicas evaluativas que utiliza.","El/la docente analiza los datos y evidencias que aportan las evaluaciones, para identificar brechas entre los aprendizajes esperados y los efectivamente logrados, así como cambios respecto a evaluaciones anteriores, y para mejorar los procedimientos y técnicas evaluativas que utiliza. , aplicándolo de manera pertinente, sistemática y coherente en su práctica pedagógica.","Respecto de Analiza los datos y evidencias que aportan las evaluaciones, para identificar brechas entre los aprendizajes esperados y los efectivamente logrados, así como cambios respecto a evaluaciones anteriores, y para mejorar los procedimientos y técnicas evaluativas que utiliza., evidencia comprensión parcial y aplicación limitada; lo integra a la práctica de forma ocasional o poco sistemática.","Respecto de Analiza los datos y evidencias que aportan las evaluaciones, para identificar brechas entre los aprendizajes esperados y los efectivamente logrados, así como cambios respecto a evaluaciones anteriores, y para mejorar los procedimientos y técnicas evaluativas que utiliza., no evidencia comprensión clara ni aplicación pertinente; las decisiones pedagógicas no se ajustan a este criterio."
32,nan,nan,nan,"4.6 Planifica distintas instancias -orales y escritas, individuales y grupalespara entregar a sus estudiantes retroalimentación sistemática y oportuna, que les sirva para reflexionar y regular sus propios aprendizajes.","El/la docente planifica distintas instancias -orales y escritas, individuales y grupalespara entregar a sus estudiantes retroalimentación sistemática y oportuna, que les sirva para reflexionar y regular sus propios aprendizajes. 
, aplicándolo de manera pertinente, sistemática y coherente en su práctica pedagógica.","Respecto de Planifica distintas instancias -orales y escritas, individuales y grupalespara entregar a sus estudiantes retroalimentación sistemática y oportuna, que les sirva para reflexionar y regular sus propios aprendizajes., evidencia comprensión parcial y aplicación limitada; lo integra a la práctica de forma ocasional o poco sistemática.","Respecto de Planifica distintas instancias -orales y escritas, individuales y grupalespara entregar a sus estudiantes retroalimentación sistemática y oportuna, que les sirva para reflexionar y regular sus propios aprendizajes., no evidencia comprensión clara ni aplicación pertinente; las decisiones pedagógicas no se ajustan a este criterio."
33,nan,nan,nan,"4.7 Atiende la dimensión ética de la evaluación y del uso de las evidencias para interpretar los resultados, examinando y corrigiendo tendencias y posibles sesgos que puedan reflejar inequidades en las oportunidades de aprendizaje.","El/la docente atiende la dimensión ética de la evaluación y del uso de las evidencias para interpretar los resultados, examinando y corrigiendo tendencias y posibles sesgos que puedan reflejar inequidades en las oportunidades de aprendizaje. 
, aplicándolo de manera pertinente, sistemática y coherente en su práctica pedagógica.","Respecto de Atiende la dimensión ética de la evaluación y del uso de las evidencias para interpretar los resultados, examinando y corrigiendo tendencias y posibles sesgos que puedan reflejar inequidades en las oportunidades de aprendizaje., evidencia comprensión parcial y aplicación limitada; lo integra a la práctica de forma ocasional o poco sistemática.","Respecto de Atiende la dimensión ética de la evaluación y del uso de las evidencias para interpretar los resultados, examinando y corrigiendo tendencias y posibles sesgos que puedan reflejar inequidades en las oportunidades de aprendizaje., no evidencia comprensión clara ni aplicación pertinente; las decisiones pedagógicas no se ajustan a este criterio."
34,nan,nan,nan,"4.8 Determina procedimientos para calificar el desempeño de sus estudiantes, utilizando criterios de evaluación de modo justo, riguroso y transparente, y que comuniquen con precisión a través de un número, símbolo o concepto, el nivel de logro de los aprendizajes.","El/la docente determina procedimientos para calificar el desempeño de sus estudiantes, utilizando criterios de evaluación de modo justo, riguroso y transparente, y que comuniquen con precisión a través de un número, símbolo o concepto, el nivel de logro de los aprendizajes., aplicándolo de manera pertinente, sistemática y coherente en su práctica pedagógica.","Respecto de Determina procedimientos para calificar el desempeño de sus estudiantes, utilizando criterios de evaluación de modo justo, riguroso y transparente, y que comuniquen con precisión a través de un número, símbolo o concepto, el nivel de logro de los aprendizajes., evidencia comprensión parcial y aplicación limitada; lo integra a la práctica de forma ocasional o poco sistemática.","Respecto de Determina procedimientos para calificar el desempeño de sus estudiantes, utilizando criterios de evaluación de modo justo, riguroso y transparente, y que comuniquen con precisión a través de un número, símbolo o concepto, el nivel de logro de los aprendizajes., no evidencia comprensión clara ni aplicación pertinente; las decisiones pedagógicas no se ajustan a este criterio."
35,Dominio B:                                              Creación de un ambiente propicio para el aprendizaje,Estándar 5: Ambiente respetuoso y organizado,Promoción de un ambiente de respeto y valoración de la diversidad,"5.1 Promueve relaciones de respeto, cercanía, honestidad y equidad en las interacciones dentro y fuera del aula.","El/la docente promueve relaciones de respeto, cercanía, honestidad y equidad en las interacciones dentro y fuera del aula. , aplicándolo de manera pertinente, sistemática y coherente en su práctica pedagógica.","Respecto de Promueve relaciones de respeto, cercanía, honestidad y equidad en las interacciones dentro y fuera del aula., evidencia comprensión parcial y aplicación limitada; lo integra a la práctica de forma ocasional o poco sistemática.","Respecto de Promueve relaciones de respeto, cercanía, honestidad y equidad en las interacciones dentro y fuera del aula., no evidencia comprensión clara ni aplicación pertinente; las decisiones pedagógicas no se ajustan a este criterio."
36,nan,nan,nan,"5.2 Reconoce y valora la diversidad en cuanto a género y orientación sexual, etnia, nacionalidad, cultura, religión, características físicas y socioeconómicas, entre otras.","El/la docente reconoce y valora la diversidad en cuanto a género y orientación sexual, etnia, nacionalidad, cultura, religión, características físicas y socioeconómicas, entre otras., aplicándolo de manera pertinente, sistemática y coherente en su práctica pedagógica.","Respecto de Reconoce y valora la diversidad en cuanto a género y orientación sexual, etnia, nacionalidad, cultura, religión, características físicas y socioeconómicas, entre otras., evidencia comprensión parcial y aplicación limitada; lo integra a la práctica de forma ocasional o poco sistemática.","Respecto de Reconoce y valora la diversidad en cuanto a género y orientación sexual, etnia, nacionalidad, cultura, religión, características físicas y socioeconómicas, entre otras., no evidencia comprensión clara ni aplicación pertinente; las decisiones pedagógicas no se ajustan a este criterio."
37,nan,nan,nan,"5.3 Aborda oportunamente situaciones que ponen en riesgo el ambiente de respeto en el aula y cualquier manifestación de discriminación, favoreciendo la comprensión de cómo los prejuicios y estereotipos atentan contra la dignidad de las personas y el bienestar de la comunidad.","El/la docente aborda oportunamente situaciones que ponen en riesgo el ambiente de respeto en el aula y cualquier manifestación de discriminación, favoreciendo la comprensión de cómo los prejuicios y estereotipos atentan contra la dignidad de las personas y el bienestar de la comunidad., aplicándolo de manera pertinente, sistemática y coherente en su práctica pedagógica.","Respecto de Aborda oportunamente situaciones que ponen en riesgo el ambiente de respeto en el aula y cualquier manifestación de discriminación, favoreciendo la comprensión de cómo los prejuicios y estereotipos atentan contra la dignidad de las personas y el bienestar de la comunidad., evidencia comprensión parcial y aplicación limitada; lo integra a la práctica de forma ocasional o poco sistemática.","Respecto de Aborda oportunamente situaciones que ponen en riesgo el ambiente de respeto en el aula y cualquier manifestación de discriminación, favoreciendo la comprensión de cómo los prejuicios y estereotipos atentan contra la dignidad de las personas y el bienestar de la comunidad., no evidencia comprensión clara ni aplicación pertinente; las decisiones pedagógicas no se ajustan a este criterio."
38,nan,nan,Promoción de un ambienteb para la buena convivencia,"5.4 Promueve oportunidades para que sus estudiantes desarrollen conocimientos, habilidades y actitudes que les permitan establecer relaciones constructivas para una sana convivencia.","El/la docente promueve oportunidades para que sus estudiantes desarrollen conocimientos, habilidades y actitudes que les permitan establecer relaciones constructivas para una sana convivencia. , aplicándolo de manera pertinente, sistemática y coherente en su práctica pedagógica.","Respecto de Promueve oportunidades para que sus estudiantes desarrollen conocimientos, habilidades y actitudes que les permitan establecer relaciones constructivas para una sana convivencia., evidencia comprensión parcial y aplicación limitada; lo integra a la práctica de forma ocasional o poco sistemática.","Respecto de Promueve oportunidades para que sus estudiantes desarrollen conocimientos, habilidades y actitudes que les permitan establecer relaciones constructivas para una sana convivencia., no evidencia comprensión clara ni aplicación pertinente; las decisiones pedagógicas no se ajustan a este criterio."
39,nan,nan,nan,"5.5 Modela estrategias para la resolución dialogada y pacífica de conflictos en espacios presenciales y virtuales, y promueve que sus estudiantes las utilicen.","El/la docente modela estrategias para la resolución dialogada y pacífica de conflictos en espacios presenciales y virtuales, y promueve que sus estudiantes las utilicen., aplicándolo de manera pertinente, sistemática y coherente en su práctica pedagógica.","Respecto de Modela estrategias para la resolución dialogada y pacífica de conflictos en espacios presenciales y virtuales, y promueve que sus estudiantes las utilicen., evidencia comprensión parcial y aplicación limitada; lo integra a la práctica de forma ocasional o poco sistemática.","Respecto de Modela estrategias para la resolución dialogada y pacífica de conflictos en espacios presenciales y virtuales, y promueve que sus estudiantes las utilicen., no evidencia comprensión clara ni aplicación pertinente; las decisiones pedagógicas no se ajustan a este criterio."
40,nan,nan,nan,"5.6 Previene situaciones de conflicto a través de normas claras y consistentes, coherentes con las orientaciones del establecimiento, y aborda efectivamente conductas y actitudes que son contrarias a la convivencia.","El/la docente previene situaciones de conflicto a través de normas claras y consistentes, coherentes con las orientaciones del establecimiento, y aborda efectivamente conductas y actitudes que son contrarias a la convivencia., aplicándolo de manera pertinente, sistemática y coherente en su práctica pedagógica.","Respecto de Previene situaciones de conflicto a través de normas claras y consistentes, coherentes con las orientaciones del establecimiento, y aborda efectivamente conductas y actitudes que son contrarias a la convivencia., evidencia comprensión parcial y aplicación limitada; lo integra a la práctica de forma ocasional o poco sistemática.","Respecto de Previene situaciones de conflicto a través de normas claras y consistentes, coherentes con las orientaciones del establecimiento, y aborda efectivamente conductas y actitudes que son contrarias a la convivencia., no evidencia comprensión clara ni aplicación pertinente; las decisiones pedagógicas no se ajustan a este criterio."
41,nan,nan,nan,5.7 Construye con sus estudiantes una visión compartida sobre el tipo de convivencia que se quiere promover y sobre la necesidad de corresponsabilidad para lograrla.,"El/la docente construye con sus estudiantes una visión compartida sobre el tipo de convivencia que se quiere promover y sobre la necesidad de corresponsabilidad para lograrla., aplicándolo de manera pertinente, sistemática y coherente en su práctica pedagógica.","Respecto de Construye con sus estudiantes una visión compartida sobre el tipo de convivencia que se quiere promover y sobre la necesidad de corresponsabilidad para lograrla., evidencia comprensión parcial y aplicación limitada; lo integra a la práctica de forma ocasional o poco sistemática.","Respecto de Construye con sus estudiantes una visión compartida sobre el tipo de convivencia que se quiere promover y sobre la necesidad de corresponsabilidad para lograrla., no evidencia comprensión clara ni aplicación pertinente; las decisiones pedagógicas no se ajustan a este criterio."
42,nan,nan,nan,"5.8 Involucra a padres, madres y apoderados en una reflexión sobre el rol complementario del hogar y el centro educativo en la promoción de una buena convivencia y en el abordaje y solución de posibles quiebres de la convivencia.","El/la docente involucra a padres, madres y apoderados en una reflexión sobre el rol complementario del hogar y el centro educativo en la promoción de una buena convivencia y en el abordaje y solución de posibles quiebres de la convivencia., aplicándolo de manera pertinente, sistemática y coherente en su práctica pedagógica.","Respecto de Involucra a padres, madres y apoderados en una reflexión sobre el rol complementario del hogar y el centro educativo en la promoción de una buena convivencia y en el abordaje y solución de posibles quiebres de la convivencia., evidencia comprensión parcial y aplicación limitada; lo integra a la práctica de forma ocasional o poco sistemática.","Respecto de Involucra a padres, madres y apoderados en una reflexión sobre el rol complementario del hogar y el centro educativo en la promoción de una buena convivencia y en el abordaje y solución de posibles quiebres de la convivencia., no evidencia comprensión clara ni aplicación pertinente; las decisiones pedagógicas no se ajustan a este criterio."
43,nan,nan,nan,"5.9  Monitorea constantemente la convivencia y analiza la efectividad de las estrategias que utiliza para promover el trato respetuoso, prevenir y resolver conflictos.","El/la docente monitorea constantemente la convivencia y analiza la efectividad de las estrategias que utiliza para promover el trato respetuoso, prevenir y resolver conflictos., aplicándolo de manera pertinente, sistemática y coherente en su práctica pedagógica.","Respecto de Monitorea constantemente la convivencia y analiza la efectividad de las estrategias que utiliza para promover el trato respetuoso, prevenir y resolver conflictos., evidencia comprensión parcial y aplicación limitada; lo integra a la práctica de forma ocasional o poco sistemática.","Respecto de Monitorea constantemente la convivencia y analiza la efectividad de las estrategias que utiliza para promover el trato respetuoso, prevenir y resolver conflictos., no evidencia comprensión clara ni aplicación pertinente; las decisiones pedagógicas no se ajustan a este criterio."
44,nan,nan,Gestión de un ambiente organizado,"5.10 Establece con claridad las responsabilidades que sus estudiantes deben asumir respecto de su aprendizaje y proceso formativo, definiendo tiempos o hitos relevantes que ellos/as deben considerar.","El/la docente establece con claridad las responsabilidades que sus estudiantes deben asumir respecto de su aprendizaje y proceso formativo, definiendo tiempos o hitos relevantes que ellos/as deben considerar., aplicándolo de manera pertinente, sistemática y coherente en su práctica pedagógica.","Respecto de Establece con claridad las responsabilidades que sus estudiantes deben asumir respecto de su aprendizaje y proceso formativo, definiendo tiempos o hitos relevantes que ellos/as deben considerar., evidencia comprensión parcial y aplicación limitada; lo integra a la práctica de forma ocasional o poco sistemática.","Respecto de Establece con claridad las responsabilidades que sus estudiantes deben asumir respecto de su aprendizaje y proceso formativo, definiendo tiempos o hitos relevantes que ellos/as deben considerar., no evidencia comprensión clara ni aplicación pertinente; las decisiones pedagógicas no se ajustan a este criterio."
45,nan,nan,nan,"5.11 Establece rutinas y estrategias para la secuenciación y transiciones entre actividades, para optimizar el uso de los recursos educativos, la organización de los/as estudiantes y la disposición del espacio.","El/la docente establece rutinas y estrategias para la secuenciación y transiciones entre actividades, para optimizar el uso de los recursos educativos, la organización de los/as estudiantes y la disposición del espacio., aplicándolo de manera pertinente, sistemática y coherente en su práctica pedagógica.","Respecto de Establece rutinas y estrategias para la secuenciación y transiciones entre actividades, para optimizar el uso de los recursos educativos, la organización de los/as estudiantes y la disposición del espacio., evidencia comprensión parcial y aplicación limitada; lo integra a la práctica de forma ocasional o poco sistemática.","Respecto de Establece rutinas y estrategias para la secuenciación y transiciones entre actividades, para optimizar el uso de los recursos educativos, la organización de los/as estudiantes y la disposición del espacio., no evidencia comprensión clara ni aplicación pertinente; las decisiones pedagógicas no se ajustan a este criterio."
46,nan,nan,nan,"5.12 Identifica y modifica factores del aula que interfieren con el uso efectivo del tiempo lectivo, y previene potenciales situaciones de distracción de los estudiantes.","El/la docente identifica y modifica factores del aula que interfieren con el uso efectivo del tiempo lectivo, y previene potenciales situaciones de distracción de los estudiantes., aplicándolo de manera pertinente, sistemática y coherente en su práctica pedagógica.","Respecto de Identifica y modifica factores del aula que interfieren con el uso efectivo del tiempo lectivo, y previene potenciales situaciones de distracción de los estudiantes., evidencia comprensión parcial y aplicación limitada; lo integra a la práctica de forma ocasional o poco sistemática.","Respecto de Identifica y modifica factores del aula que interfieren con el uso efectivo del tiempo lectivo, y previene potenciales situaciones de distracción de los estudiantes., no evidencia comprensión clara ni aplicación pertinente; las decisiones pedagógicas no se ajustan a este criterio."
47,nan,Estándar 6: Desarrollo Personal y Social,Apoyo al desarrollo socioemocional,"6.1  Observa y comprende el estado emocional de sus estudiantes y sus variaciones, para establecer vínculos significativos y profundos con ellos/as.","El/la docente observa y comprende el estado emocional de sus estudiantes y sus variaciones, para establecer vínculos significativos y profundos con ellos/as. , aplicándolo de manera pertinente, sistemática y coherente en su práctica pedagógica.","Respecto de Observa y comprende el estado emocional de sus estudiantes y sus variaciones, para establecer vínculos significativos y profundos con ellos/as., evidencia comprensión parcial y aplicación limitada; lo integra a la práctica de forma ocasional o poco sistemática.","Respecto de Observa y comprende el estado emocional de sus estudiantes y sus variaciones, para establecer vínculos significativos y profundos con ellos/as., no evidencia comprensión clara ni aplicación pertinente; las decisiones pedagógicas no se ajustan a este criterio."
48,nan,nan,nan,"6.2 Promueve que sus estudiantes practiquen habilidades sociales tales como la escucha, la empatía y la asertividad, en sus interacciones con pares y adultos.","El/la docente promueve que sus estudiantes practiquen habilidades sociales tales como la escucha, la empatía y la asertividad, en sus interacciones con pares y adultos., aplicándolo de manera pertinente, sistemática y coherente en su práctica pedagógica.","Respecto de Promueve que sus estudiantes practiquen habilidades sociales tales como la escucha, la empatía y la asertividad, en sus interacciones con pares y adultos., evidencia comprensión parcial y aplicación limitada; lo integra a la práctica de forma ocasional o poco sistemática.","Respecto de Promueve que sus estudiantes practiquen habilidades sociales tales como la escucha, la empatía y la asertividad, en sus interacciones con pares y adultos., no evidencia comprensión clara ni aplicación pertinente; las decisiones pedagógicas no se ajustan a este criterio."
49,nan,nan,nan,"6.3  Implementa estrategias para que sus estudiantes desarrollen habilidades para identificar sus aptitudes e intereses personales, reconocer y regular sus emociones, tomar decisiones en forma responsable y autónoma,
establecer relaciones positivas, manejar situaciones desafiantes y cuidar de sí mismo, tanto física como mentalmente.","El/la docente implementa estrategias para que sus estudiantes desarrollen habilidades para identificar sus aptitudes e intereses personales, reconocer y regular sus emociones, tomar decisiones en forma responsable y autónoma,
establecer relaciones positivas, manejar situaciones desafiantes y cuidar de sí mismo, tanto física como mentalmente., aplicándolo de manera pertinente, sistemática y coherente en su práctica pedagógica.","Respecto de Implementa estrategias para que sus estudiantes desarrollen habilidades para identificar sus aptitudes e intereses personales, reconocer y regular sus emociones, tomar decisiones en forma responsable y autónoma,
establecer relaciones positivas, manejar situaciones desafiantes y cuidar de sí mismo, tanto física como mentalmente., evidencia comprensión parcial y aplicación limitada; lo integra a la práctica de forma ocasional o poco sistemática.","Respecto de Implementa estrategias para que sus estudiantes desarrollen habilidades para identificar sus aptitudes e intereses personales, reconocer y regular sus emociones, tomar decisiones en forma responsable y autónoma,
establecer relaciones positivas, manejar situaciones desafiantes y cuidar de sí mismo, tanto física como mentalmente., no evidencia comprensión clara ni aplicación pertinente; las decisiones pedagógicas no se ajustan a este criterio."
50,nan,nan,Formación Ciudadana,6.4 Promueve oportunidades para que sus estudiantes desarrollen conocimientos y habilidades que les permitan valorar la diversidad y establecer relaciones constructivas con personas de diferentes grupos culturales y étnicos en una sociedad multicultural.,"El/la docente promueve oportunidades para que sus estudiantes desarrollen conocimientos y habilidades que les permitan valorar la diversidad y establecer relaciones constructivas con personas de diferentes grupos culturales y étnicos en una sociedad multicultural. , aplicándolo de manera pertinente, sistemática y coherente en su práctica pedagógica.","Respecto de Promueve oportunidades para que sus estudiantes desarrollen conocimientos y habilidades que les permitan valorar la diversidad y establecer relaciones constructivas con personas de diferentes grupos culturales y étnicos en una sociedad multicultural., evidencia comprensión parcial y aplicación limitada; lo integra a la práctica de forma ocasional o poco sistemática.","Respecto de Promueve oportunidades para que sus estudiantes desarrollen conocimientos y habilidades que les permitan valorar la diversidad y establecer relaciones constructivas con personas de diferentes grupos culturales y étnicos en una sociedad multicultural., no evidencia comprensión clara ni aplicación pertinente; las decisiones pedagógicas no se ajustan a este criterio."
51,nan,nan,nan,6.5 Promueve experiencias formativas virtuales y presenciales vinculadas al desarrollo de los valores de la vida democrática y el respeto por los derechos humanos.,"El/la docente promueve experiencias formativas virtuales y presenciales vinculadas al desarrollo de los valores de la vida democrática y el respeto por los derechos humanos.  , aplicándolo de manera pertinente, sistemática y coherente en su práctica pedagógica.","Respecto de Promueve experiencias formativas virtuales y presenciales vinculadas al desarrollo de los valores de la vida democrática y el respeto por los derechos humanos., evidencia comprensión parcial y aplicación limitada; lo integra a la práctica de forma ocasional o poco sistemática.","Respecto de Promueve experiencias formativas virtuales y presenciales vinculadas al desarrollo de los valores de la vida democrática y el respeto por los derechos humanos., no evidencia comprensión clara ni aplicación pertinente; las decisiones pedagógicas no se ajustan a este criterio."
52,nan,nan,nan,"6.6 Promueve oportunidades para que sus estudiantes conozcan sus derechos y responsabilidades, participando de forma ética, responsable, tolerante y solidaria en la comunidad escolar.","El/la docente promueve oportunidades para que sus estudiantes conozcan sus derechos y responsabilidades, participando de forma ética, responsable, tolerante y solidaria en la comunidad escolar., aplicándolo de manera pertinente, sistemática y coherente en su práctica pedagógica.","Respecto de Promueve oportunidades para que sus estudiantes conozcan sus derechos y responsabilidades, participando de forma ética, responsable, tolerante y solidaria en la comunidad escolar., evidencia comprensión parcial y aplicación limitada; lo integra a la práctica de forma ocasional o poco sistemática.","Respecto de Promueve oportunidades para que sus estudiantes conozcan sus derechos y responsabilidades, participando de forma ética, responsable, tolerante y solidaria en la comunidad escolar., no evidencia comprensión clara ni aplicación pertinente; las decisiones pedagógicas no se ajustan a este criterio."
53,nan,nan,nan,"6.7  Promueve oportunidades para que sus estudiantes desarrollen actitudes y conductas de responsabilidad personal y social, orientadas al cuidado y preservación del medio ambiente y sus recursos.","El/la docente promueve oportunidades para que sus estudiantes desarrollen actitudes y conductas de responsabilidad personal y social, orientadas al cuidado y preservación del medio ambiente y sus recursos., aplicándolo de manera pertinente, sistemática y coherente en su práctica pedagógica.","Respecto de Promueve oportunidades para que sus estudiantes desarrollen actitudes y conductas de responsabilidad personal y social, orientadas al cuidado y preservación del medio ambiente y sus recursos., evidencia comprensión parcial y aplicación limitada; lo integra a la práctica de forma ocasional o poco sistemática.","Respecto de Promueve oportunidades para que sus estudiantes desarrollen actitudes y conductas de responsabilidad personal y social, orientadas al cuidado y preservación del medio ambiente y sus recursos., no evidencia comprensión clara ni aplicación pertinente; las decisiones pedagógicas no se ajustan a este criterio."
54,nan,nan,nan,"6.8 Promueve oportunidades para que sus estudiantes desarrollen habilidades necesarias para desenvolverse como ciudadanos digitales capaces de resolver problemas de información, comunicación y conocimiento, así como dilemas legales, sociales y éticos en ambiente virtual.","El/la docente promueve oportunidades para que sus estudiantes desarrollen habilidades necesarias para desenvolverse como ciudadanos digitales capaces de resolver problemas de información, comunicación y conocimiento, así como dilemas legales, sociales y éticos en ambiente virtual., aplicándolo de manera pertinente, sistemática y coherente en su práctica pedagógica.","Respecto de Promueve oportunidades para que sus estudiantes desarrollen habilidades necesarias para desenvolverse como ciudadanos digitales capaces de resolver problemas de información, comunicación y conocimiento, así como dilemas legales, sociales y éticos en ambiente virtual., evidencia comprensión parcial y aplicación limitada; lo integra a la práctica de forma ocasional o poco sistemática.","Respecto de Promueve oportunidades para que sus estudiantes desarrollen habilidades necesarias para desenvolverse como ciudadanos digitales capaces de resolver problemas de información, comunicación y conocimiento, así como dilemas legales, sociales y éticos en ambiente virtual., no evidencia comprensión clara ni aplicación pertinente; las decisiones pedagógicas no se ajustan a este criterio."
55,Dominio C:                      Enseñanza para el aprendizaje de todos/as los/as estudiantes,Estándar 7 : Estrategias de enseñanza para el logro de aprendizajes profundos,Comunica y demuestra altas expectativas,7.1 Comunica y demuestra altas expectativas de aprendizaje a todos sus estudiantes y los/as ayuda a abordar los desafíos como una oportunidad para reflexionar acerca de los esfuerzos necesarios para alcanzar dichas expectativas.,"El/la docente comunica y demuestra altas expectativas de aprendizaje a todos sus estudiantes y los/as ayuda a abordar los desafíos como una oportunidad para reflexionar acerca de los esfuerzos necesarios para alcanzar dichas expectativas., aplicándolo de manera pertinente, sistemática y coherente en su práctica pedagógica.","Respecto de Comunica y demuestra altas expectativas de aprendizaje a todos sus estudiantes y los/as ayuda a abordar los desafíos como una oportunidad para reflexionar acerca de los esfuerzos necesarios para alcanzar dichas expectativas., evidencia comprensión parcial y aplicación limitada; lo integra a la práctica de forma ocasional o poco sistemática.","Respecto de Comunica y demuestra altas expectativas de aprendizaje a todos sus estudiantes y los/as ayuda a abordar los desafíos como una oportunidad para reflexionar acerca de los esfuerzos necesarios para alcanzar dichas expectativas., no evidencia comprensión clara ni aplicación pertinente; las decisiones pedagógicas no se ajustan a este criterio."
56,nan,nan,nan,"7.2 Aplica estrategias motivacionales y consigue involucramiento, perseverancia y compromiso con las actividades de aprendizaje de parte de sus estudiantes.","El/la docente aplica estrategias motivacionales y consigue involucramiento, perseverancia y compromiso con las actividades de aprendizaje de parte de sus estudiantes., aplicándolo de manera pertinente, sistemática y coherente en su práctica pedagógica.","Respecto de Aplica estrategias motivacionales y consigue involucramiento, perseverancia y compromiso con las actividades de aprendizaje de parte de sus estudiantes., evidencia comprensión parcial y aplicación limitada; lo integra a la práctica de forma ocasional o poco sistemática.","Respecto de Aplica estrategias motivacionales y consigue involucramiento, perseverancia y compromiso con las actividades de aprendizaje de parte de sus estudiantes., no evidencia comprensión clara ni aplicación pertinente; las decisiones pedagógicas no se ajustan a este criterio."
57,nan,nan,nan,7.3 Implementa estrategias para fortalecer la autoestima académica y autoeficacia mediante el reconocimiento explícito de los logros de sus estudiantes y la reafirmación de su capacidad para enfrentar desafíos y tener altas expectativas de sí mismos/as.,"El/la docente implementa estrategias para fortalecer la autoestima académica y autoeficacia mediante el reconocimiento explícito de los logros de sus estudiantes y la reafirmación de su capacidad para enfrentar desafíos y tener altas expectativas de sí mismos/as., aplicándolo de manera pertinente, sistemática y coherente en su práctica pedagógica.","Respecto de Implementa estrategias para fortalecer la autoestima académica y autoeficacia mediante el reconocimiento explícito de los logros de sus estudiantes y la reafirmación de su capacidad para enfrentar desafíos y tener altas expectativas de sí mismos/as., evidencia comprensión parcial y aplicación limitada; lo integra a la práctica de forma ocasional o poco sistemática.","Respecto de Implementa estrategias para fortalecer la autoestima académica y autoeficacia mediante el reconocimiento explícito de los logros de sus estudiantes y la reafirmación de su capacidad para enfrentar desafíos y tener altas expectativas de sí mismos/as., no evidencia comprensión clara ni aplicación pertinente; las decisiones pedagógicas no se ajustan a este criterio."
58,nan,nan,nan,7.4 Ayuda a sus estudiantes a identificar expectativas y comportamientos basados en creencias sobre género que generan desigualdad de oportunidades entre hombres y mujeres.,"El/la docente ayuda a sus estudiantes a identificar expectativas y comportamientos basados en creencias sobre género que generan desigualdad de oportunidades entre hombres y mujeres. , aplicándolo de manera pertinente, sistemática y coherente en su práctica pedagógica.","Respecto de Ayuda a sus estudiantes a identificar expectativas y comportamientos basados en creencias sobre género que generan desigualdad de oportunidades entre hombres y mujeres., evidencia comprensión parcial y aplicación limitada; lo integra a la práctica de forma ocasional o poco sistemática.","Respecto de Ayuda a sus estudiantes a identificar expectativas y comportamientos basados en creencias sobre género que generan desigualdad de oportunidades entre hombres y mujeres., no evidencia comprensión clara ni aplicación pertinente; las decisiones pedagógicas no se ajustan a este criterio."
59,nan,nan,"Comunicación de objetivos, instrucciones y conocimientos",7.5 Comunica con claridad los objetivos de aprendizaje y comprueba que sus estudiantes los comprenden y pueden relacionarlos con sus propias metas.,"El/la docente comunica con claridad los objetivos de aprendizaje y comprueba que sus estudiantes los comprenden y pueden relacionarlos con sus propias metas., aplicándolo de manera pertinente, sistemática y coherente en su práctica pedagógica.","Respecto de Comunica con claridad los objetivos de aprendizaje y comprueba que sus estudiantes los comprenden y pueden relacionarlos con sus propias metas., evidencia comprensión parcial y aplicación limitada; lo integra a la práctica de forma ocasional o poco sistemática.","Respecto de Comunica con claridad los objetivos de aprendizaje y comprueba que sus estudiantes los comprenden y pueden relacionarlos con sus propias metas., no evidencia comprensión clara ni aplicación pertinente; las decisiones pedagógicas no se ajustan a este criterio."
60,nan,nan,nan,"7.6 Entrega indicaciones e instrucciones claras y verifica que los estudiantes las comprendan para organizar su trabajo y usar productivamente el tiempo lectivo, atendiendo diferencias y ofreciendo apoyos específicos a los y las estudiantes que los requieran.","El/la docente entrega indicaciones e instrucciones claras y verifica que los estudiantes las comprendan para organizar su trabajo y usar productivamente el tiempo lectivo, atendiendo diferencias y ofreciendo apoyos específicos a los y las estudiantes que los requieran. 
, aplicándolo de manera pertinente, sistemática y coherente en su práctica pedagógica.","Respecto de Entrega indicaciones e instrucciones claras y verifica que los estudiantes las comprendan para organizar su trabajo y usar productivamente el tiempo lectivo, atendiendo diferencias y ofreciendo apoyos específicos a los y las estudiantes que los requieran., evidencia comprensión parcial y aplicación limitada; lo integra a la práctica de forma ocasional o poco sistemática.","Respecto de Entrega indicaciones e instrucciones claras y verifica que los estudiantes las comprendan para organizar su trabajo y usar productivamente el tiempo lectivo, atendiendo diferencias y ofreciendo apoyos específicos a los y las estudiantes que los requieran., no evidencia comprensión clara ni aplicación pertinente; las decisiones pedagógicas no se ajustan a este criterio."
61,nan,nan,nan,"7.7 Explora, mediante diversos recursos pedagógicos atingentes a la disciplina que enseña, experiencias, conocimientos previos, disposiciones e intereses de los/as estudiantes, para detectar concepciones erróneas y realizar conexiones significativas con el nuevo conocimiento.","El/la docente explora, mediante diversos recursos pedagógicos atingentes a la disciplina que enseña, experiencias, conocimientos previos, disposiciones e intereses de los/as estudiantes, para detectar concepciones erróneas y realizar conexiones significativas con el nuevo conocimiento., aplicándolo de manera pertinente, sistemática y coherente en su práctica pedagógica.","Respecto de Explora, mediante diversos recursos pedagógicos atingentes a la disciplina que enseña, experiencias, conocimientos previos, disposiciones e intereses de los/as estudiantes, para detectar concepciones erróneas y realizar conexiones significativas con el nuevo conocimiento., evidencia comprensión parcial y aplicación limitada; lo integra a la práctica de forma ocasional o poco sistemática.","Respecto de Explora, mediante diversos recursos pedagógicos atingentes a la disciplina que enseña, experiencias, conocimientos previos, disposiciones e intereses de los/as estudiantes, para detectar concepciones erróneas y realizar conexiones significativas con el nuevo conocimiento., no evidencia comprensión clara ni aplicación pertinente; las decisiones pedagógicas no se ajustan a este criterio."
62,nan,nan,nan,"7.8 Presenta el contenido mediante el lenguaje técnico de la disciplina que enseña, ejemplos para identificar patrones, esquemas para organizar la información, relaciones con otros saberes disciplinarios, modelamiento, demostración, observación y manipulación de material concreto, entre otros.","El/la docente presenta el contenido mediante el lenguaje técnico de la disciplina que enseña, ejemplos para identificar patrones, esquemas para organizar la información, relaciones con otros saberes disciplinarios, modelamiento, demostración, observación y manipulación de material concreto, entre otros. , aplicándolo de manera pertinente, sistemática y coherente en su práctica pedagógica.","Respecto de Presenta el contenido mediante el lenguaje técnico de la disciplina que enseña, ejemplos para identificar patrones, esquemas para organizar la información, relaciones con otros saberes disciplinarios, modelamiento, demostración, observación y manipulación de material concreto, entre otros., evidencia comprensión parcial y aplicación limitada; lo integra a la práctica de forma ocasional o poco sistemática.","Respecto de Presenta el contenido mediante el lenguaje técnico de la disciplina que enseña, ejemplos para identificar patrones, esquemas para organizar la información, relaciones con otros saberes disciplinarios, modelamiento, demostración, observación y manipulación de material concreto, entre otros., no evidencia comprensión clara ni aplicación pertinente; las decisiones pedagógicas no se ajustan a este criterio."
63,nan,nan,Participación de los/as estudiantes,"7.9 Involucra a los/as estudiantes en el uso de los conocimientos, habilidades y actitudes, a través de preguntas, producciones escritas, elaboración de modelos, uso de herramientas tecnológicas, expresiones y creaciones plásticas, manifestaciones motrices, entre otras, para favorecer una comprensión profunda de los conocimientos disciplinares.","El/la docente involucra a los/as estudiantes en el uso de los conocimientos, habilidades y actitudes, a través de preguntas, producciones escritas, elaboración de modelos, uso de herramientas tecnológicas, expresiones y creaciones plásticas, manifestaciones motrices, entre otras, para favorecer una comprensión profunda de los conocimientos disciplinares., aplicándolo de manera pertinente, sistemática y coherente en su práctica pedagógica.","Respecto de Involucra a los/as estudiantes en el uso de los conocimientos, habilidades y actitudes, a través de preguntas, producciones escritas, elaboración de modelos, uso de herramientas tecnológicas, expresiones y creaciones plásticas, manifestaciones motrices, entre otras, para favorecer una comprensión profunda de los conocimientos disciplinares., evidencia comprensión parcial y aplicación limitada; lo integra a la práctica de forma ocasional o poco sistemática.","Respecto de Involucra a los/as estudiantes en el uso de los conocimientos, habilidades y actitudes, a través de preguntas, producciones escritas, elaboración de modelos, uso de herramientas tecnológicas, expresiones y creaciones plásticas, manifestaciones motrices, entre otras, para favorecer una comprensión profunda de los conocimientos disciplinares., no evidencia comprensión clara ni aplicación pertinente; las decisiones pedagógicas no se ajustan a este criterio."
64,nan,nan,nan,"7.10 Organiza el trabajo de los/as estudiantes, equilibrando momentos de aprendizaje individual y colaborativo, a través de tareas que impliquen prácticas reflexivas, comunicación de ideas, elaboración de productos, trabajo interdisciplinario y otras actividades propias de cada disciplina, en contextos de aula diversos, como laboratorios, salidas a terreno u otros.","El/la docente organiza el trabajo de los/as estudiantes, equilibrando momentos de aprendizaje individual y colaborativo, a través de tareas que impliquen prácticas reflexivas, comunicación de ideas, elaboración de productos, trabajo interdisciplinario y otras actividades propias de cada disciplina, en contextos de aula diversos, como laboratorios, salidas a terreno u otros. , aplicándolo de manera pertinente, sistemática y coherente en su práctica pedagógica.","Respecto de Organiza el trabajo de los/as estudiantes, equilibrando momentos de aprendizaje individual y colaborativo, a través de tareas que impliquen prácticas reflexivas, comunicación de ideas, elaboración de productos, trabajo interdisciplinario y otras actividades propias de cada disciplina, en contextos de aula diversos, como laboratorios, salidas a terreno u otros., evidencia comprensión parcial y aplicación limitada; lo integra a la práctica de forma ocasional o poco sistemática.","Respecto de Organiza el trabajo de los/as estudiantes, equilibrando momentos de aprendizaje individual y colaborativo, a través de tareas que impliquen prácticas reflexivas, comunicación de ideas, elaboración de productos, trabajo interdisciplinario y otras actividades propias de cada disciplina, en contextos de aula diversos, como laboratorios, salidas a terreno u otros., no evidencia comprensión clara ni aplicación pertinente; las decisiones pedagógicas no se ajustan a este criterio."
65,nan,nan,nan,"7.11 Apoya el desarrollo de los estudiantes para transitar gradualmente desde un trabajo guiado a uno autónomo, utilizando diversos recursos educativos e incluyendo las tecnologías digitales, para posibilitar la aplicación y reelaboración de los conocimientos adquiridos y el logro
de nuevos aprendizajes.","El/la docente apoya el desarrollo de los estudiantes para transitar gradualmente desde un trabajo guiado a uno autónomo, utilizando diversos recursos educativos e incluyendo las tecnologías digitales, para posibilitar la aplicación y reelaboración de los conocimientos adquiridos y el logro
de nuevos aprendizajes. , aplicándolo de manera pertinente, sistemática y coherente en su práctica pedagógica.","Respecto de Apoya el desarrollo de los estudiantes para transitar gradualmente desde un trabajo guiado a uno autónomo, utilizando diversos recursos educativos e incluyendo las tecnologías digitales, para posibilitar la aplicación y reelaboración de los conocimientos adquiridos y el logro
de nuevos aprendizajes., evidencia comprensión parcial y aplicación limitada; lo integra a la práctica de forma ocasional o poco sistemática.","Respecto de Apoya el desarrollo de los estudiantes para transitar gradualmente desde un trabajo guiado a uno autónomo, utilizando diversos recursos educativos e incluyendo las tecnologías digitales, para posibilitar la aplicación y reelaboración de los conocimientos adquiridos y el logro
de nuevos aprendizajes., no evidencia comprensión clara ni aplicación pertinente; las decisiones pedagógicas no se ajustan a este criterio."
66,nan,nan,Ajuste de la práctica pedagógica,"7.12 Ajusta su práctica pedagógica en función de las situaciones contextuales, las respuestas de los/as estudiantes y las evidencias que recopila mediante el monitoreo de sus progresos, para atender a sus ritmos de aprendizaje, sus diferencias individuales y sus necesidades de apoyo formativo","El/la docente ajusta su práctica pedagógica en función de las situaciones contextuales, las respuestas de los/as estudiantes y las evidencias que recopila mediante el monitoreo de sus progresos, para atender a sus ritmos de aprendizaje, sus diferencias individuales y sus necesidades de apoyo formativo, aplicándolo de manera pertinente, sistemática y coherente en su práctica pedagógica.","Respecto de Ajusta su práctica pedagógica en función de las situaciones contextuales, las respuestas de los/as estudiantes y las evidencias que recopila mediante el monitoreo de sus progresos, para atender a sus ritmos de aprendizaje, sus diferencias individuales y sus necesidades de apoyo formativo, evidencia comprensión parcial y aplicación limitada; lo integra a la práctica de forma ocasional o poco sistemática.","Respecto de Ajusta su práctica pedagógica en función de las situaciones contextuales, las respuestas de los/as estudiantes y las evidencias que recopila mediante el monitoreo de sus progresos, para atender a sus ritmos de aprendizaje, sus diferencias individuales y sus necesidades de apoyo formativo, no evidencia comprensión clara ni aplicación pertinente; las decisiones pedagógicas no se ajustan a este criterio."
67,nan,Estándar 8: Estrategias para el desarrollo de habilidades del pensamiento,Pensamineto crítico,"8.1 Incorpora en sus prácticas pedagógicas diferentes enfoques para la promoción del pensamiento crítico, los que dicen relación con procedimientos de análisis de distintas fuentes de información, la argumentación y contra
argumentación, el uso de evidencias para fundamentar sus opiniones, y la negociación de distintos puntos de vista para decidir sobre temas controversiales.","El/la docente incorpora en sus prácticas pedagógicas diferentes enfoques para la promoción del pensamiento crítico, los que dicen relación con procedimientos de análisis de distintas fuentes de información, la argumentación y contra
argumentación, el uso de evidencias para fundamentar sus opiniones, y la negociación de distintos puntos de vista para decidir sobre temas controversiales. 
, aplicándolo de manera pertinente, sistemática y coherente en su práctica pedagógica.","Respecto de Incorpora en sus prácticas pedagógicas diferentes enfoques para la promoción del pensamiento crítico, los que dicen relación con procedimientos de análisis de distintas fuentes de información, la argumentación y contra
argumentación, el uso de evidencias para fundamentar sus opiniones, y la negociación de distintos puntos de vista para decidir sobre temas controversiales., evidencia comprensión parcial y aplicación limitada; lo integra a la práctica de forma ocasional o poco sistemática.","Respecto de Incorpora en sus prácticas pedagógicas diferentes enfoques para la promoción del pensamiento crítico, los que dicen relación con procedimientos de análisis de distintas fuentes de información, la argumentación y contra
argumentación, el uso de evidencias para fundamentar sus opiniones, y la negociación de distintos puntos de vista para decidir sobre temas controversiales., no evidencia comprensión clara ni aplicación pertinente; las decisiones pedagógicas no se ajustan a este criterio."
68,nan,nan,nan,"8.2 Implementa estrategias didácticas, tales como formular preguntas para cuestionar y/o evaluar diversos argumentos, formular debates grupales sobre problemáticas concretas y desafiar teorías existentes, para promover el pensamiento crítico en función de los objetivos de aprendizaje disciplinarios y transversales y de la diversidad de sus estudiantes.","El/la docente implementa estrategias didácticas, tales como formular preguntas para cuestionar y/o evaluar diversos argumentos, formular debates grupales sobre problemáticas concretas y desafiar teorías existentes, para promover el pensamiento crítico en función de los objetivos de aprendizaje disciplinarios y transversales y de la diversidad de sus estudiantes. , aplicándolo de manera pertinente, sistemática y coherente en su práctica pedagógica.","Respecto de Implementa estrategias didácticas, tales como formular preguntas para cuestionar y/o evaluar diversos argumentos, formular debates grupales sobre problemáticas concretas y desafiar teorías existentes, para promover el pensamiento crítico en función de los objetivos de aprendizaje disciplinarios y transversales y de la diversidad de sus estudiantes., evidencia comprensión parcial y aplicación limitada; lo integra a la práctica de forma ocasional o poco sistemática.","Respecto de Implementa estrategias didácticas, tales como formular preguntas para cuestionar y/o evaluar diversos argumentos, formular debates grupales sobre problemáticas concretas y desafiar teorías existentes, para promover el pensamiento crítico en función de los objetivos de aprendizaje disciplinarios y transversales y de la diversidad de sus estudiantes., no evidencia comprensión clara ni aplicación pertinente; las decisiones pedagógicas no se ajustan a este criterio."
69,nan,nan,nan,"8.3  Genera espacios de interacción pedagógica para la elaboración de juicios críticos, basados en la reflexión y uso del error, de modo de favorecer en los estudiantes la capacidad de estar abiertos/as a los cambios y de tomar decisiones razonadas.","El/la docente genera espacios de interacción pedagógica para la elaboración de juicios críticos, basados en la reflexión y uso del error, de modo de favorecer en los estudiantes la capacidad de estar abiertos/as a los cambios y de tomar decisiones razonadas. , aplicándolo de manera pertinente, sistemática y coherente en su práctica pedagógica.","Respecto de Genera espacios de interacción pedagógica para la elaboración de juicios críticos, basados en la reflexión y uso del error, de modo de favorecer en los estudiantes la capacidad de estar abiertos/as a los cambios y de tomar decisiones razonadas., evidencia comprensión parcial y aplicación limitada; lo integra a la práctica de forma ocasional o poco sistemática.","Respecto de Genera espacios de interacción pedagógica para la elaboración de juicios críticos, basados en la reflexión y uso del error, de modo de favorecer en los estudiantes la capacidad de estar abiertos/as a los cambios y de tomar decisiones razonadas., no evidencia comprensión clara ni aplicación pertinente; las decisiones pedagógicas no se ajustan a este criterio."
70,nan,nan,Pensamiento creativo,"8.4 Implementa estrategias de enseñanza que estimulen el pensamiento creativo en varios niveles, esto es, imitación, variación, combinación, transformación y creación original, de acuerdo al nivel educativo, los objetivos de aprendizaje y las particularidades de sus estudiantes.","El/la docente implementa estrategias de enseñanza que estimulen el pensamiento creativo en varios niveles, esto es, imitación, variación, combinación, transformación y creación original, de acuerdo al nivel educativo, los objetivos de aprendizaje y las particularidades de sus estudiantes., aplicándolo de manera pertinente, sistemática y coherente en su práctica pedagógica.","Respecto de Implementa estrategias de enseñanza que estimulen el pensamiento creativo en varios niveles, esto es, imitación, variación, combinación, transformación y creación original, de acuerdo al nivel educativo, los objetivos de aprendizaje y las particularidades de sus estudiantes., evidencia comprensión parcial y aplicación limitada; lo integra a la práctica de forma ocasional o poco sistemática.","Respecto de Implementa estrategias de enseñanza que estimulen el pensamiento creativo en varios niveles, esto es, imitación, variación, combinación, transformación y creación original, de acuerdo al nivel educativo, los objetivos de aprendizaje y las particularidades de sus estudiantes., no evidencia comprensión clara ni aplicación pertinente; las decisiones pedagógicas no se ajustan a este criterio."
71,nan,nan,nan,"8.5  Incorpora en su práctica pedagógica diversas actividades que promuevan la creación original en sus estudiantes, tales como producción artística y literaria, resolución de preguntas abiertas, elaboración de proyectos, generación de ideas y soluciones originales, para el logro de los objetivos
de aprendizaje.","El/la docente incorpora en su práctica pedagógica diversas actividades que promuevan la creación original en sus estudiantes, tales como producción artística y literaria, resolución de preguntas abiertas, elaboración de proyectos, generación de ideas y soluciones originales, para el logro de los objetivos
de aprendizaje. , aplicándolo de manera pertinente, sistemática y coherente en su práctica pedagógica.","Respecto de Incorpora en su práctica pedagógica diversas actividades que promuevan la creación original en sus estudiantes, tales como producción artística y literaria, resolución de preguntas abiertas, elaboración de proyectos, generación de ideas y soluciones originales, para el logro de los objetivos
de aprendizaje., evidencia comprensión parcial y aplicación limitada; lo integra a la práctica de forma ocasional o poco sistemática.","Respecto de Incorpora en su práctica pedagógica diversas actividades que promuevan la creación original en sus estudiantes, tales como producción artística y literaria, resolución de preguntas abiertas, elaboración de proyectos, generación de ideas y soluciones originales, para el logro de los objetivos
de aprendizaje., no evidencia comprensión clara ni aplicación pertinente; las decisiones pedagógicas no se ajustan a este criterio."
72,nan,nan,Metacognición,"8.6 Incorpora en sus prácticas pedagógicas diferentes enfoques que informen a sus estudiantes de manera intencional, reflexiva y gradual sobre cómo se aproximan a los problemas y generan soluciones, de modo que desarrollen sus habilidades metacognitivas.","El/la docente incorpora en sus prácticas pedagógicas diferentes enfoques que informen a sus estudiantes de manera intencional, reflexiva y gradual sobre cómo se aproximan a los problemas y generan soluciones, de modo que desarrollen sus habilidades metacognitivas., aplicándolo de manera pertinente, sistemática y coherente en su práctica pedagógica.","Respecto de Incorpora en sus prácticas pedagógicas diferentes enfoques que informen a sus estudiantes de manera intencional, reflexiva y gradual sobre cómo se aproximan a los problemas y generan soluciones, de modo que desarrollen sus habilidades metacognitivas., evidencia comprensión parcial y aplicación limitada; lo integra a la práctica de forma ocasional o poco sistemática.","Respecto de Incorpora en sus prácticas pedagógicas diferentes enfoques que informen a sus estudiantes de manera intencional, reflexiva y gradual sobre cómo se aproximan a los problemas y generan soluciones, de modo que desarrollen sus habilidades metacognitivas., no evidencia comprensión clara ni aplicación pertinente; las decisiones pedagógicas no se ajustan a este criterio."
73,nan,nan,nan,"8.7  Implementa estrategias de enseñanza que permitan a sus estudiantes conocer y practicar distintas estrategias de aprendizaje, identificar aquellas más apropiadas para distintas metas, e identificar y resolver problemas
de comprensión de las actividades, para hacerlos/as progresivamente más autónomos frente a la construcción de conocimiento.","El/la docente implementa estrategias de enseñanza que permitan a sus estudiantes conocer y practicar distintas estrategias de aprendizaje, identificar aquellas más apropiadas para distintas metas, e identificar y resolver problemas
de comprensión de las actividades, para hacerlos/as progresivamente más autónomos frente a la construcción de conocimiento., aplicándolo de manera pertinente, sistemática y coherente en su práctica pedagógica.","Respecto de Implementa estrategias de enseñanza que permitan a sus estudiantes conocer y practicar distintas estrategias de aprendizaje, identificar aquellas más apropiadas para distintas metas, e identificar y resolver problemas
de comprensión de las actividades, para hacerlos/as progresivamente más autónomos frente a la construcción de conocimiento., evidencia comprensión parcial y aplicación limitada; lo integra a la práctica de forma ocasional o poco sistemática.","Respecto de Implementa estrategias de enseñanza que permitan a sus estudiantes conocer y practicar distintas estrategias de aprendizaje, identificar aquellas más apropiadas para distintas metas, e identificar y resolver problemas
de comprensión de las actividades, para hacerlos/as progresivamente más autónomos frente a la construcción de conocimiento., no evidencia comprensión clara ni aplicación pertinente; las decisiones pedagógicas no se ajustan a este criterio."
74,nan,Estándar 9: Evaluación y retroalimentación para el aprendizaje,Criterios de evaluación y monitoreo del aprendizje,"9.1 Explica a sus estudiantes los criterios de evaluación, alineados al objetivo de aprendizaje, entregándoles ejemplos de los desempeños esperados para que gradualmente participen de la definición de estos criterios.","El/la docente explica a sus estudiantes los criterios de evaluación, alineados al objetivo de aprendizaje, entregándoles ejemplos de los desempeños esperados para que gradualmente participen de la definición de estos criterios., aplicándolo de manera pertinente, sistemática y coherente en su práctica pedagógica.","Respecto de Explica a sus estudiantes los criterios de evaluación, alineados al objetivo de aprendizaje, entregándoles ejemplos de los desempeños esperados para que gradualmente participen de la definición de estos criterios., evidencia comprensión parcial y aplicación limitada; lo integra a la práctica de forma ocasional o poco sistemática.","Respecto de Explica a sus estudiantes los criterios de evaluación, alineados al objetivo de aprendizaje, entregándoles ejemplos de los desempeños esperados para que gradualmente participen de la definición de estos criterios., no evidencia comprensión clara ni aplicación pertinente; las decisiones pedagógicas no se ajustan a este criterio."
75,nan,nan,nan,"9.2 Comprueba durante la clase, mediante preguntas o actividades relevantes, el nivel de comprensión de sus estudiantes e identifica dificultades y errores para reorientar la enseñanza.","El/la docente comprueba durante la clase, mediante preguntas o actividades relevantes, el nivel de comprensión de sus estudiantes e identifica dificultades y errores para reorientar la enseñanza., aplicándolo de manera pertinente, sistemática y coherente en su práctica pedagógica.","Respecto de Comprueba durante la clase, mediante preguntas o actividades relevantes, el nivel de comprensión de sus estudiantes e identifica dificultades y errores para reorientar la enseñanza., evidencia comprensión parcial y aplicación limitada; lo integra a la práctica de forma ocasional o poco sistemática.","Respecto de Comprueba durante la clase, mediante preguntas o actividades relevantes, el nivel de comprensión de sus estudiantes e identifica dificultades y errores para reorientar la enseñanza., no evidencia comprensión clara ni aplicación pertinente; las decisiones pedagógicas no se ajustan a este criterio."
76,nan,nan,nan,"9.3 Utiliza los resultados del monitoreo para realizar actividades adicionales y diferenciadas o para reorganizar las experiencias de aprendizaje, entregando apoyos según los ritmos, características y necesidades de sus estudiantes.","El/la docente utiliza los resultados del monitoreo para realizar actividades adicionales y diferenciadas o para reorganizar las experiencias de aprendizaje, entregando apoyos según los ritmos, características y necesidades de sus estudiantes., aplicándolo de manera pertinente, sistemática y coherente en su práctica pedagógica.","Respecto de Utiliza los resultados del monitoreo para realizar actividades adicionales y diferenciadas o para reorganizar las experiencias de aprendizaje, entregando apoyos según los ritmos, características y necesidades de sus estudiantes., evidencia comprensión parcial y aplicación limitada; lo integra a la práctica de forma ocasional o poco sistemática.","Respecto de Utiliza los resultados del monitoreo para realizar actividades adicionales y diferenciadas o para reorganizar las experiencias de aprendizaje, entregando apoyos según los ritmos, características y necesidades de sus estudiantes., no evidencia comprensión clara ni aplicación pertinente; las decisiones pedagógicas no se ajustan a este criterio."
77,nan,nan,Retroalimentación,"9.4 Ofrece a sus estudiantes retroalimentación descriptiva de manera oportuna, basándose en criterios e indicadores de evaluación, para que dispongan de información diferenciada sobre los niveles de logro de los conocimientos, habilidades y actitudes definidos en los objetivos de aprendizaje evaluados; y para establecer estrategias que les permitan
superar las brechas.","El/la docente ofrece a sus estudiantes retroalimentación descriptiva de manera oportuna, basándose en criterios e indicadores de evaluación, para que dispongan de información diferenciada sobre los niveles de logro de los conocimientos, habilidades y actitudes definidos en los objetivos de aprendizaje evaluados; y para establecer estrategias que les permitan
superar las brechas. , aplicándolo de manera pertinente, sistemática y coherente en su práctica pedagógica.","Respecto de Ofrece a sus estudiantes retroalimentación descriptiva de manera oportuna, basándose en criterios e indicadores de evaluación, para que dispongan de información diferenciada sobre los niveles de logro de los conocimientos, habilidades y actitudes definidos en los objetivos de aprendizaje evaluados; y para establecer estrategias que les permitan
superar las brechas., evidencia comprensión parcial y aplicación limitada; lo integra a la práctica de forma ocasional o poco sistemática.","Respecto de Ofrece a sus estudiantes retroalimentación descriptiva de manera oportuna, basándose en criterios e indicadores de evaluación, para que dispongan de información diferenciada sobre los niveles de logro de los conocimientos, habilidades y actitudes definidos en los objetivos de aprendizaje evaluados; y para establecer estrategias que les permitan
superar las brechas., no evidencia comprensión clara ni aplicación pertinente; las decisiones pedagógicas no se ajustan a este criterio."
78,nan,nan,nan,"9.5 Comunica a sus estudiantes las calificaciones obtenidas, asegurándose de que comprendan el número, símbolo o concepto que representa el nivel de logro del aprendizaje, para que ellos/as definan sus propias metas de superación y se comprometan con los siguientes procesos de aprendizaje.","El/la docente comunica a sus estudiantes las calificaciones obtenidas, asegurándose de que comprendan el número, símbolo o concepto que representa el nivel de logro del aprendizaje, para que ellos/as definan sus propias metas de superación y se comprometan con los siguientes procesos de aprendizaje. , aplicándolo de manera pertinente, sistemática y coherente en su práctica pedagógica.","Respecto de Comunica a sus estudiantes las calificaciones obtenidas, asegurándose de que comprendan el número, símbolo o concepto que representa el nivel de logro del aprendizaje, para que ellos/as definan sus propias metas de superación y se comprometan con los siguientes procesos de aprendizaje., evidencia comprensión parcial y aplicación limitada; lo integra a la práctica de forma ocasional o poco sistemática.","Respecto de Comunica a sus estudiantes las calificaciones obtenidas, asegurándose de que comprendan el número, símbolo o concepto que representa el nivel de logro del aprendizaje, para que ellos/as definan sus propias metas de superación y se comprometan con los siguientes procesos de aprendizaje., no evidencia comprensión clara ni aplicación pertinente; las decisiones pedagógicas no se ajustan a este criterio."
79,nan,nan,nan,"9.6  Desarrolla estrategias oportunas para abordar los potenciales efectos de la evaluación y las calificaciones en las emociones y motivación de los estudiantes, con el fin de proteger su autoestima académica y promover la perseverancia en el aprendizaje de la disciplina que enseña.","El/la docente desarrolla estrategias oportunas para abordar los potenciales efectos de la evaluación y las calificaciones en las emociones y motivación de los estudiantes, con el fin de proteger su autoestima académica y promover la perseverancia en el aprendizaje de la disciplina que enseña. , aplicándolo de manera pertinente, sistemática y coherente en su práctica pedagógica.","Respecto de Desarrolla estrategias oportunas para abordar los potenciales efectos de la evaluación y las calificaciones en las emociones y motivación de los estudiantes, con el fin de proteger su autoestima académica y promover la perseverancia en el aprendizaje de la disciplina que enseña., evidencia comprensión parcial y aplicación limitada; lo integra a la práctica de forma ocasional o poco sistemática.","Respecto de Desarrolla estrategias oportunas para abordar los potenciales efectos de la evaluación y las calificaciones en las emociones y motivación de los estudiantes, con el fin de proteger su autoestima académica y promover la perseverancia en el aprendizaje de la disciplina que enseña., no evidencia comprensión clara ni aplicación pertinente; las decisiones pedagógicas no se ajustan a este criterio."
80,nan,nan,Autoevaluación de los aprendizajes,"9.7  Enseña y guía a sus estudiantes a usar criterios, indicadores y atributos para procesos de auto y coevaluación, con el propósito de observar su aprendizaje y el de otros, y determinar los aprendizajes logrados y los que requieren mejoras.","El/la docente enseña y guía a sus estudiantes a usar criterios, indicadores y atributos para procesos de auto y coevaluación, con el propósito de observar su aprendizaje y el de otros, y determinar los aprendizajes logrados y los que requieren mejoras., aplicándolo de manera pertinente, sistemática y coherente en su práctica pedagógica.","Respecto de Enseña y guía a sus estudiantes a usar criterios, indicadores y atributos para procesos de auto y coevaluación, con el propósito de observar su aprendizaje y el de otros, y determinar los aprendizajes logrados y los que requieren mejoras., evidencia comprensión parcial y aplicación limitada; lo integra a la práctica de forma ocasional o poco sistemática.","Respecto de Enseña y guía a sus estudiantes a usar criterios, indicadores y atributos para procesos de auto y coevaluación, con el propósito de observar su aprendizaje y el de otros, y determinar los aprendizajes logrados y los que requieren mejoras., no evidencia comprensión clara ni aplicación pertinente; las decisiones pedagógicas no se ajustan a este criterio."
81,nan,nan,nan,"9.8 Genera oportunidades para que sean los propios estudiantes quienes, en los trabajos grupales, establezcan, total o parcialmente, criterios, indicadores y atributos para la evaluación del logro del aprendizaje y del trabajo realizado.","El/la docente genera oportunidades para que sean los propios estudiantes quienes, en los trabajos grupales, establezcan, total o parcialmente, criterios, indicadores y atributos para la evaluación del logro del aprendizaje y del trabajo realizado. 
, aplicándolo de manera pertinente, sistemática y coherente en su práctica pedagógica.","Respecto de Genera oportunidades para que sean los propios estudiantes quienes, en los trabajos grupales, establezcan, total o parcialmente, criterios, indicadores y atributos para la evaluación del logro del aprendizaje y del trabajo realizado., evidencia comprensión parcial y aplicación limitada; lo integra a la práctica de forma ocasional o poco sistemática.","Respecto de Genera oportunidades para que sean los propios estudiantes quienes, en los trabajos grupales, establezcan, total o parcialmente, criterios, indicadores y atributos para la evaluación del logro del aprendizaje y del trabajo realizado., no evidencia comprensión clara ni aplicación pertinente; las decisiones pedagógicas no se ajustan a este criterio."
82,Dominio D                  Responsabilidades Profesionales,Estándar 10: Ética Profesional,Ética profesional,10.1 Toma decisiones basadas en consensos éticos de la profesión y los derechos de los/as niños/as para proteger el mejor interés de sus estudiantes y el bienestar de todos los integrantes de la comunidad escolar.,"El/la docente toma decisiones basadas en consensos éticos de la profesión y los derechos de los/as niños/as para proteger el mejor interés de sus estudiantes y el bienestar de todos los integrantes de la comunidad escolar., aplicándolo de manera pertinente, sistemática y coherente en su práctica pedagógica.","Respecto de Toma decisiones basadas en consensos éticos de la profesión y los derechos de los/as niños/as para proteger el mejor interés de sus estudiantes y el bienestar de todos los integrantes de la comunidad escolar., evidencia comprensión parcial y aplicación limitada; lo integra a la práctica de forma ocasional o poco sistemática.","Respecto de Toma decisiones basadas en consensos éticos de la profesión y los derechos de los/as niños/as para proteger el mejor interés de sus estudiantes y el bienestar de todos los integrantes de la comunidad escolar., no evidencia comprensión clara ni aplicación pertinente; las decisiones pedagógicas no se ajustan a este criterio."
83,nan,nan,nan,"10.2 Respeta los límites que corresponden a su rol profesional, en todas las interacciones con sus estudiantes, otros profesionales, familias yMapoderados.","El/la docente respeta los límites que corresponden a su rol profesional, en todas las interacciones con sus estudiantes, otros profesionales, familias ymapoderados. 
, aplicándolo de manera pertinente, sistemática y coherente en su práctica pedagógica.","Respecto de Respeta los límites que corresponden a su rol profesional, en todas las interacciones con sus estudiantes, otros profesionales, familias yMapoderados., evidencia comprensión parcial y aplicación limitada; lo integra a la práctica de forma ocasional o poco sistemática.","Respecto de Respeta los límites que corresponden a su rol profesional, en todas las interacciones con sus estudiantes, otros profesionales, familias yMapoderados., no evidencia comprensión clara ni aplicación pertinente; las decisiones pedagógicas no se ajustan a este criterio."
84,nan,nan,nan,"10.3 Reconoce toda manifestación de la diversidad en estudiantes, familias y pares, demostrando respeto por todos los miembros de la comunidad escolar y una actuación profesional sustentada en valores inclusivos.","El/la docente reconoce toda manifestación de la diversidad en estudiantes, familias y pares, demostrando respeto por todos los miembros de la comunidad escolar y una actuación profesional sustentada en valores inclusivos., aplicándolo de manera pertinente, sistemática y coherente en su práctica pedagógica.","Respecto de Reconoce toda manifestación de la diversidad en estudiantes, familias y pares, demostrando respeto por todos los miembros de la comunidad escolar y una actuación profesional sustentada en valores inclusivos., evidencia comprensión parcial y aplicación limitada; lo integra a la práctica de forma ocasional o poco sistemática.","Respecto de Reconoce toda manifestación de la diversidad en estudiantes, familias y pares, demostrando respeto por todos los miembros de la comunidad escolar y una actuación profesional sustentada en valores inclusivos., no evidencia comprensión clara ni aplicación pertinente; las decisiones pedagógicas no se ajustan a este criterio."
85,nan,nan,nan,"10.4 Demuestra compromiso con el aprendizaje de todos sus estudiantes, con la equidad en la calidad de la educación que reciben y actúa con la convicción que todos pueden alcanzar altos niveles de aprendizaje","El/la docente demuestra compromiso con el aprendizaje de todos sus estudiantes, con la equidad en la calidad de la educación que reciben y actúa con la convicción que todos pueden alcanzar altos niveles de aprendizaje, aplicándolo de manera pertinente, sistemática y coherente en su práctica pedagógica.","Respecto de Demuestra compromiso con el aprendizaje de todos sus estudiantes, con la equidad en la calidad de la educación que reciben y actúa con la convicción que todos pueden alcanzar altos niveles de aprendizaje, evidencia comprensión parcial y aplicación limitada; lo integra a la práctica de forma ocasional o poco sistemática.","Respecto de Demuestra compromiso con el aprendizaje de todos sus estudiantes, con la equidad en la calidad de la educación que reciben y actúa con la convicción que todos pueden alcanzar altos niveles de aprendizaje, no evidencia comprensión clara ni aplicación pertinente; las decisiones pedagógicas no se ajustan a este criterio."
86,nan,nan,nan,10.5 Participa de manera ética en los procesos evaluativos contemplados en la norma vigente para su desempeño profesional y en los procesos evaluativos del centro escolar.,"El/la docente participa de manera ética en los procesos evaluativos contemplados en la norma vigente para su desempeño profesional y en los procesos evaluativos del centro escolar., aplicándolo de manera pertinente, sistemática y coherente en su práctica pedagógica.","Respecto de Participa de manera ética en los procesos evaluativos contemplados en la norma vigente para su desempeño profesional y en los procesos evaluativos del centro escolar., evidencia comprensión parcial y aplicación limitada; lo integra a la práctica de forma ocasional o poco sistemática.","Respecto de Participa de manera ética en los procesos evaluativos contemplados en la norma vigente para su desempeño profesional y en los procesos evaluativos del centro escolar., no evidencia comprensión clara ni aplicación pertinente; las decisiones pedagógicas no se ajustan a este criterio."
87,nan,nan,nan,"10.6 Cumple con las normas y responsabilidades profesionales establecidas en la institución educativa donde trabaja, para la realización de las tareas comprometidas.","El/la docente cumple con las normas y responsabilidades profesionales establecidas en la institución educativa donde trabaja, para la realización de las tareas comprometidas. , aplicándolo de manera pertinente, sistemática y coherente en su práctica pedagógica.","Respecto de Cumple con las normas y responsabilidades profesionales establecidas en la institución educativa donde trabaja, para la realización de las tareas comprometidas., evidencia comprensión parcial y aplicación limitada; lo integra a la práctica de forma ocasional o poco sistemática.","Respecto de Cumple con las normas y responsabilidades profesionales establecidas en la institución educativa donde trabaja, para la realización de las tareas comprometidas., no evidencia comprensión clara ni aplicación pertinente; las decisiones pedagógicas no se ajustan a este criterio."
88,nan,nan,Marco regulatorio,"10.7 Comprende y actúa en consistencia con el proyecto educativo institucional, marcos legales y las políticas que regulan la profesión docente en Chile.","El/la docente comprende y actúa en consistencia con el proyecto educativo institucional, marcos legales y las políticas que regulan la profesión docente en chile., aplicándolo de manera pertinente, sistemática y coherente en su práctica pedagógica.","Respecto de Comprende y actúa en consistencia con el proyecto educativo institucional, marcos legales y las políticas que regulan la profesión docente en Chile., evidencia comprensión parcial y aplicación limitada; lo integra a la práctica de forma ocasional o poco sistemática.","Respecto de Comprende y actúa en consistencia con el proyecto educativo institucional, marcos legales y las políticas que regulan la profesión docente en Chile., no evidencia comprensión clara ni aplicación pertinente; las decisiones pedagógicas no se ajustan a este criterio."
89,nan,nan,nan,"10.8 Conoce y aplica la normativa vigente respecto de la obligación para todo quien se desempeña en establecimientos educacionales de denunciar
oportunamente hechos con características de maltrato infantil o cualquier otro delito que afecte a niños, niñas y adolescentes.","El/la docente conoce y aplica la normativa vigente respecto de la obligación para todo quien se desempeña en establecimientos educacionales de denunciar
oportunamente hechos con características de maltrato infantil o cualquier otro delito que afecte a niños, niñas y adolescentes., aplicándolo de manera pertinente, sistemática y coherente en su práctica pedagógica.","Respecto de Conoce y aplica la normativa vigente respecto de la obligación para todo quien se desempeña en establecimientos educacionales de denunciar
oportunamente hechos con características de maltrato infantil o cualquier otro delito que afecte a niños, niñas y adolescentes., evidencia comprensión parcial y aplicación limitada; lo integra a la práctica de forma ocasional o poco sistemática.","Respecto de Conoce y aplica la normativa vigente respecto de la obligación para todo quien se desempeña en establecimientos educacionales de denunciar
oportunamente hechos con características de maltrato infantil o cualquier otro delito que afecte a niños, niñas y adolescentes., no evidencia comprensión clara ni aplicación pertinente; las decisiones pedagógicas no se ajustan a este criterio."
90,nan,nan,nan,"10.9 Respeta las normas y políticas existentes sobre el uso de tecnologías digitales y se asegura de que sus estudiantes accedan y utilicen las tecnologías digitales de manera segura, ética y legal.","El/la docente respeta las normas y políticas existentes sobre el uso de tecnologías digitales y se asegura de que sus estudiantes accedan y utilicen las tecnologías digitales de manera segura, ética y legal., aplicándolo de manera pertinente, sistemática y coherente en su práctica pedagógica.","Respecto de Respeta las normas y políticas existentes sobre el uso de tecnologías digitales y se asegura de que sus estudiantes accedan y utilicen las tecnologías digitales de manera segura, ética y legal., evidencia comprensión parcial y aplicación limitada; lo integra a la práctica de forma ocasional o poco sistemática.","Respecto de Respeta las normas y políticas existentes sobre el uso de tecnologías digitales y se asegura de que sus estudiantes accedan y utilicen las tecnologías digitales de manera segura, ética y legal., no evidencia comprensión clara ni aplicación pertinente; las decisiones pedagógicas no se ajustan a este criterio."
91,nan,Estándar 11: Aprendizaje profesional continuo,Práctica reflexiva,11.1  Conoce y aplica técnicas de observación y registro de las actividades del aula para informar el análisis y reflexión sobre el impacto de su enseñanza en el aprendizaje de sus estudiantes.,"El/la docente conoce y aplica técnicas de observación y registro de las actividades del aula para informar el análisis y reflexión sobre el impacto de su enseñanza en el aprendizaje de sus estudiantes., aplicándolo de manera pertinente, sistemática y coherente en su práctica pedagógica.","Respecto de Conoce y aplica técnicas de observación y registro de las actividades del aula para informar el análisis y reflexión sobre el impacto de su enseñanza en el aprendizaje de sus estudiantes., evidencia comprensión parcial y aplicación limitada; lo integra a la práctica de forma ocasional o poco sistemática.","Respecto de Conoce y aplica técnicas de observación y registro de las actividades del aula para informar el análisis y reflexión sobre el impacto de su enseñanza en el aprendizaje de sus estudiantes., no evidencia comprensión clara ni aplicación pertinente; las decisiones pedagógicas no se ajustan a este criterio."
92,nan,nan,nan,"11.2 Indaga y reflexiona, de manera individual y colectiva, sobre su práctica, para revisar sus creencias, generar nuevos conocimientos, transformar su ejercicio profesional y mejorar las oportunidades de aprendizaje que ofrece a sus estudiantes.","El/la docente indaga y reflexiona, de manera individual y colectiva, sobre su práctica, para revisar sus creencias, generar nuevos conocimientos, transformar su ejercicio profesional y mejorar las oportunidades de aprendizaje que ofrece a sus estudiantes., aplicándolo de manera pertinente, sistemática y coherente en su práctica pedagógica.","Respecto de Indaga y reflexiona, de manera individual y colectiva, sobre su práctica, para revisar sus creencias, generar nuevos conocimientos, transformar su ejercicio profesional y mejorar las oportunidades de aprendizaje que ofrece a sus estudiantes., evidencia comprensión parcial y aplicación limitada; lo integra a la práctica de forma ocasional o poco sistemática.","Respecto de Indaga y reflexiona, de manera individual y colectiva, sobre su práctica, para revisar sus creencias, generar nuevos conocimientos, transformar su ejercicio profesional y mejorar las oportunidades de aprendizaje que ofrece a sus estudiantes., no evidencia comprensión clara ni aplicación pertinente; las decisiones pedagógicas no se ajustan a este criterio."
93,nan,nan,nan,"11.3 Autoevalúa su desempeño teniendo como referencia los estándares de desempeño profesional descritos en el Marco para la Buena Enseñanza, los resultados de la observación y retroalimentación de clases, las evaluaciones externas, su experiencia de aula, las opiniones de sus
estudiantes, así como sus propias metas y valores profesionales.","El/la docente autoevalúa su desempeño teniendo como referencia los estándares de desempeño profesional descritos en el marco para la buena enseñanza, los resultados de la observación y retroalimentación de clases, las evaluaciones externas, su experiencia de aula, las opiniones de sus
estudiantes, así como sus propias metas y valores profesionales., aplicándolo de manera pertinente, sistemática y coherente en su práctica pedagógica.","Respecto de Autoevalúa su desempeño teniendo como referencia los estándares de desempeño profesional descritos en el Marco para la Buena Enseñanza, los resultados de la observación y retroalimentación de clases, las evaluaciones externas, su experiencia de aula, las opiniones de sus
estudiantes, así como sus propias metas y valores profesionales., evidencia comprensión parcial y aplicación limitada; lo integra a la práctica de forma ocasional o poco sistemática.","Respecto de Autoevalúa su desempeño teniendo como referencia los estándares de desempeño profesional descritos en el Marco para la Buena Enseñanza, los resultados de la observación y retroalimentación de clases, las evaluaciones externas, su experiencia de aula, las opiniones de sus
estudiantes, así como sus propias metas y valores profesionales., no evidencia comprensión clara ni aplicación pertinente; las decisiones pedagógicas no se ajustan a este criterio."
94,nan,nan,Actualización y profundización de los saberes profesionales,"11.4 Actualiza y profundiza sus conocimientos disciplinares y didácticos, del currículum vigente, y del uso de las herramientas digitales, para apoyar, el aprendizaje y desarrollo integral de sus estudiantes.","El/la docente actualiza y profundiza sus conocimientos disciplinares y didácticos, del currículum vigente, y del uso de las herramientas digitales, para apoyar, el aprendizaje y desarrollo integral de sus estudiantes., aplicándolo de manera pertinente, sistemática y coherente en su práctica pedagógica.","Respecto de Actualiza y profundiza sus conocimientos disciplinares y didácticos, del currículum vigente, y del uso de las herramientas digitales, para apoyar, el aprendizaje y desarrollo integral de sus estudiantes., evidencia comprensión parcial y aplicación limitada; lo integra a la práctica de forma ocasional o poco sistemática.","Respecto de Actualiza y profundiza sus conocimientos disciplinares y didácticos, del currículum vigente, y del uso de las herramientas digitales, para apoyar, el aprendizaje y desarrollo integral de sus estudiantes., no evidencia comprensión clara ni aplicación pertinente; las decisiones pedagógicas no se ajustan a este criterio."
95,nan,nan,nan,11.5 Adhiere y se compromete con el cumplimiento de los planes de desarrollo profesional individuales y/o colectivos establecidos en la institución donde trabaja.,"El/la docente adhiere y se compromete con el cumplimiento de los planes de desarrollo profesional individuales y/o colectivos establecidos en la institución donde trabaja. , aplicándolo de manera pertinente, sistemática y coherente en su práctica pedagógica.","Respecto de Adhiere y se compromete con el cumplimiento de los planes de desarrollo profesional individuales y/o colectivos establecidos en la institución donde trabaja., evidencia comprensión parcial y aplicación limitada; lo integra a la práctica de forma ocasional o poco sistemática.","Respecto de Adhiere y se compromete con el cumplimiento de los planes de desarrollo profesional individuales y/o colectivos establecidos en la institución donde trabaja., no evidencia comprensión clara ni aplicación pertinente; las decisiones pedagógicas no se ajustan a este criterio."
96,nan,nan,nan,"11.6 Muestra disposición a innovar en sus prácticas pedagógicas, para enfrentar problemáticas o desafíos que requieren recurrir a nuevas comprensiones y prácticas.","El/la docente muestra disposición a innovar en sus prácticas pedagógicas, para enfrentar problemáticas o desafíos que requieren recurrir a nuevas comprensiones y prácticas., aplicándolo de manera pertinente, sistemática y coherente en su práctica pedagógica.","Respecto de Muestra disposición a innovar en sus prácticas pedagógicas, para enfrentar problemáticas o desafíos que requieren recurrir a nuevas comprensiones y prácticas., evidencia comprensión parcial y aplicación limitada; lo integra a la práctica de forma ocasional o poco sistemática.","Respecto de Muestra disposición a innovar en sus prácticas pedagógicas, para enfrentar problemáticas o desafíos que requieren recurrir a nuevas comprensiones y prácticas., no evidencia comprensión clara ni aplicación pertinente; las decisiones pedagógicas no se ajustan a este criterio."
97,nan,nan,Trabajo colabvorativo,"11.7  Promueve y participa en instancias que permiten ampliar el aprendizaje profesional individual y colectivo, a través de la colaboración con pares, tanto de su disciplina como de otras áreas; la participación en redes presenciales o virtuales; y el apoyo a docentes en formación y principiantes.","El/la docente promueve y participa en instancias que permiten ampliar el aprendizaje profesional individual y colectivo, a través de la colaboración con pares, tanto de su disciplina como de otras áreas; la participación en redes presenciales o virtuales; y el apoyo a docentes en formación y principiantes., aplicándolo de manera pertinente, sistemática y coherente en su práctica pedagógica.","Respecto de Promueve y participa en instancias que permiten ampliar el aprendizaje profesional individual y colectivo, a través de la colaboración con pares, tanto de su disciplina como de otras áreas; la participación en redes presenciales o virtuales; y el apoyo a docentes en formación y principiantes., evidencia comprensión parcial y aplicación limitada; lo integra a la práctica de forma ocasional o poco sistemática.","Respecto de Promueve y participa en instancias que permiten ampliar el aprendizaje profesional individual y colectivo, a través de la colaboración con pares, tanto de su disciplina como de otras áreas; la participación en redes presenciales o virtuales; y el apoyo a docentes en formación y principiantes., no evidencia comprensión clara ni aplicación pertinente; las decisiones pedagógicas no se ajustan a este criterio."
98,nan,nan,nan,"11.8  Colabora con sus pares y otros profesionales para diversificar las estrategias de enseñanza y evaluación, y para articular saberes entre disciplinas, de manera de responder adecuadamente a las necesidades educativas de sus estudiantes.","El/la docente colabora con sus pares y otros profesionales para diversificar las estrategias de enseñanza y evaluación, y para articular saberes entre disciplinas, de manera de responder adecuadamente a las necesidades educativas de sus estudiantes.
, aplicándolo de manera pertinente, sistemática y coherente en su práctica pedagógica.","Respecto de Colabora con sus pares y otros profesionales para diversificar las estrategias de enseñanza y evaluación, y para articular saberes entre disciplinas, de manera de responder adecuadamente a las necesidades educativas de sus estudiantes., evidencia comprensión parcial y aplicación limitada; lo integra a la práctica de forma ocasional o poco sistemática.","Respecto de Colabora con sus pares y otros profesionales para diversificar las estrategias de enseñanza y evaluación, y para articular saberes entre disciplinas, de manera de responder adecuadamente a las necesidades educativas de sus estudiantes., no evidencia comprensión clara ni aplicación pertinente; las decisiones pedagógicas no se ajustan a este criterio."
99,nan,Estándar 12: Compromiso con el mejoramiento continuo de la comunidad escolar,Compromiso con la mejora continua de la institución educativa,"12.1 Establece relaciones profesionales saludables y gratificantes con todos los integrantes de la institución educativa, basadas en la confianza, la discreción respecto a situaciones personales y familiares, y la prevención
y la resolución de conflictos.","El/la docente establece relaciones profesionales saludables y gratificantes con todos los integrantes de la institución educativa, basadas en la confianza, la discreción respecto a situaciones personales y familiares, y la prevención
y la resolución de conflictos., aplicándolo de manera pertinente, sistemática y coherente en su práctica pedagógica.","Respecto de Establece relaciones profesionales saludables y gratificantes con todos los integrantes de la institución educativa, basadas en la confianza, la discreción respecto a situaciones personales y familiares, y la prevención
y la resolución de conflictos., evidencia comprensión parcial y aplicación limitada; lo integra a la práctica de forma ocasional o poco sistemática.","Respecto de Establece relaciones profesionales saludables y gratificantes con todos los integrantes de la institución educativa, basadas en la confianza, la discreción respecto a situaciones personales y familiares, y la prevención
y la resolución de conflictos., no evidencia comprensión clara ni aplicación pertinente; las decisiones pedagógicas no se ajustan a este criterio."
100,nan,nan,nan,nan,,,
101,nan,nan,nan,nan,,,
102,nan,nan,nan,"12.2 Adhiere al proyecto educativo del centro educativo y participa en las distintas instancias que promueve la dirección para la elaboración de los diversos instrumentos de planificación y acciones de mejora continua, en aras de un desarrollo sostenible (ej. Proyecto Educativo Institucional,
Plan de Mejoramiento Educativo, Plan de Formación Ciudadana, entre, otros).","El/la docente adhiere al proyecto educativo del centro educativo y participa en las distintas instancias que promueve la dirección para la elaboración de los diversos instrumentos de planificación y acciones de mejora continua, en aras de un desarrollo sostenible (ej. proyecto educativo institucional,
plan de mejoramiento educativo, plan de formación ciudadana, entre, otros). , aplicándolo de manera pertinente, sistemática y coherente en su práctica pedagógica.","Respecto de Adhiere al proyecto educativo del centro educativo y participa en las distintas instancias que promueve la dirección para la elaboración de los diversos instrumentos de planificación y acciones de mejora continua, en aras de un desarrollo sostenible (ej. Proyecto Educativo Institucional,
Plan de Mejoramiento Educativo, Plan de Formación Ciudadana, entre, otros)., evidencia comprensión parcial y aplicación limitada; lo integra a la práctica de forma ocasional o poco sistemática.","Respecto de Adhiere al proyecto educativo del centro educativo y participa en las distintas instancias que promueve la dirección para la elaboración de los diversos instrumentos de planificación y acciones de mejora continua, en aras de un desarrollo sostenible (ej. Proyecto Educativo Institucional,
Plan de Mejoramiento Educativo, Plan de Formación Ciudadana, entre, otros)., no evidencia comprensión clara ni aplicación pertinente; las decisiones pedagógicas no se ajustan a este criterio."
103,nan,nan,nan,"12.3 Analiza con sus pares las evidencias que entregan las evaluaciones externas, para desarrollar una visión más completa del aprendizaje que logran sus estudiantes e identificar oportunidades de mejora.","El/la docente analiza con sus pares las evidencias que entregan las evaluaciones externas, para desarrollar una visión más completa del aprendizaje que logran sus estudiantes e identificar oportunidades de mejora., aplicándolo de manera pertinente, sistemática y coherente en su práctica pedagógica.","Respecto de Analiza con sus pares las evidencias que entregan las evaluaciones externas, para desarrollar una visión más completa del aprendizaje que logran sus estudiantes e identificar oportunidades de mejora., evidencia comprensión parcial y aplicación limitada; lo integra a la práctica de forma ocasional o poco sistemática.","Respecto de Analiza con sus pares las evidencias que entregan las evaluaciones externas, para desarrollar una visión más completa del aprendizaje que logran sus estudiantes e identificar oportunidades de mejora., no evidencia comprensión clara ni aplicación pertinente; las decisiones pedagógicas no se ajustan a este criterio."
104,nan,nan,nan,12.4  Participa en las distintas actividades definidas en el Plan de Mejoramiento Educativo para el logro de las metas institucionales que están directamente relacionadas con sus responsabilidades profesionales.,"El/la docente participa en las distintas actividades definidas en el plan de mejoramiento educativo para el logro de las metas institucionales que están directamente relacionadas con sus responsabilidades profesionales., aplicándolo de manera pertinente, sistemática y coherente en su práctica pedagógica.","Respecto de Participa en las distintas actividades definidas en el Plan de Mejoramiento Educativo para el logro de las metas institucionales que están directamente relacionadas con sus responsabilidades profesionales., evidencia comprensión parcial y aplicación limitada; lo integra a la práctica de forma ocasional o poco sistemática.","Respecto de Participa en las distintas actividades definidas en el Plan de Mejoramiento Educativo para el logro de las metas institucionales que están directamente relacionadas con sus responsabilidades profesionales., no evidencia comprensión clara ni aplicación pertinente; las decisiones pedagógicas no se ajustan a este criterio."
105,nan,nan,Comunicación con familias y apoderados,"12.5 Diseña instancias para la comunicación respetuosa y culturalmente pertinente con las familias y apoderados, que le permitan escuchar sus preocupaciones, dar respuesta a sus inquietudes y trabajar mancomunadamente con diversas redes de apoyo en el fomento del desarrollo integral de sus estudiantes dentro y fuera del centro educativo.","El/la docente diseña instancias para la comunicación respetuosa y culturalmente pertinente con las familias y apoderados, que le permitan escuchar sus preocupaciones, dar respuesta a sus inquietudes y trabajar mancomunadamente con diversas redes de apoyo en el fomento del desarrollo integral de sus estudiantes dentro y fuera del centro educativo., aplicándolo de manera pertinente, sistemática y coherente en su práctica pedagógica.","Respecto de Diseña instancias para la comunicación respetuosa y culturalmente pertinente con las familias y apoderados, que le permitan escuchar sus preocupaciones, dar respuesta a sus inquietudes y trabajar mancomunadamente con diversas redes de apoyo en el fomento del desarrollo integral de sus estudiantes dentro y fuera del centro educativo., evidencia comprensión parcial y aplicación limitada; lo integra a la práctica de forma ocasional o poco sistemática.","Respecto de Diseña instancias para la comunicación respetuosa y culturalmente pertinente con las familias y apoderados, que le permitan escuchar sus preocupaciones, dar respuesta a sus inquietudes y trabajar mancomunadamente con diversas redes de apoyo en el fomento del desarrollo integral de sus estudiantes dentro y fuera del centro educativo., no evidencia comprensión clara ni aplicación pertinente; las decisiones pedagógicas no se ajustan a este criterio."
106,nan,nan,nan,"12.6 Informa a las familias y apoderados sobre el progreso académico de sus estudiantes y su comportamiento, y propicia su participación en actividades curriculares y extracurriculares, para apoyar el aprendizaje y desarrollo de los estudiantes.","El/la docente informa a las familias y apoderados sobre el progreso académico de sus estudiantes y su comportamiento, y propicia su participación en actividades curriculares y extracurriculares, para apoyar el aprendizaje y desarrollo de los estudiantes. 
, aplicándolo de manera pertinente, sistemática y coherente en su práctica pedagógica.","Respecto de Informa a las familias y apoderados sobre el progreso académico de sus estudiantes y su comportamiento, y propicia su participación en actividades curriculares y extracurriculares, para apoyar el aprendizaje y desarrollo de los estudiantes., evidencia comprensión parcial y aplicación limitada; lo integra a la práctica de forma ocasional o poco sistemática.","Respecto de Informa a las familias y apoderados sobre el progreso académico de sus estudiantes y su comportamiento, y propicia su participación en actividades curriculares y extracurriculares, para apoyar el aprendizaje y desarrollo de los estudiantes., no evidencia comprensión clara ni aplicación pertinente; las decisiones pedagógicas no se ajustan a este criterio."
107,nan,nan,nan,"12.7  Trabaja con las familias y apoderados sobre la importancia de tener expectativas similares de las niñas y los niños, en relación con las elecciones que hacen respecto a las opciones académicas que ofrece el currículum escolar, con el objetivo de influir positivamente en el aprendizaje y desarrollo de sus estudiantes.","El/la docente trabaja con las familias y apoderados sobre la importancia de tener expectativas similares de las niñas y los niños, en relación con las elecciones que hacen respecto a las opciones académicas que ofrece el currículum escolar, con el objetivo de influir positivamente en el aprendizaje y desarrollo de sus estudiantes., aplicándolo de manera pertinente, sistemática y coherente en su práctica pedagógica.","Respecto de Trabaja con las familias y apoderados sobre la importancia de tener expectativas similares de las niñas y los niños, en relación con las elecciones que hacen respecto a las opciones académicas que ofrece el currículum escolar, con el objetivo de influir positivamente en el aprendizaje y desarrollo de sus estudiantes., evidencia comprensión parcial y aplicación limitada; lo integra a la práctica de forma ocasional o poco sistemática.","Respecto de Trabaja con las familias y apoderados sobre la importancia de tener expectativas similares de las niñas y los niños, en relación con las elecciones que hacen respecto a las opciones académicas que ofrece el currículum escolar, con el objetivo de influir positivamente en el aprendizaje y desarrollo de sus estudiantes., no evidencia comprensión clara ni aplicación pertinente; las decisiones pedagógicas no se ajustan a este criterio."
108,DE LO ADMINISTRATIVO,nan,nan,nan,,,
109,nan,nan,nan,nan,,,
